Ilan_No,Ilan_Yili,Ilce,Brut_Metrekare,Oda_Sayisi,Bina_Yasi,Kat_Sayisi,Bulundugu_Kat,Isitma_Tipi,Site_Icerisinde,Fiyat
1,2024,Beşiktaş,100,2,5,10,3,Doğalgaz,Evet,20000000
2,2024,Esenyurt,80,2,3,8,2,Doğalgaz,Evet,6000000
3,2024,Beşiktaş,120,3,6,12,4,Merkezi,Evet,25000000
4,2024,Esenyurt,75,2,2,6,1,Doğalgaz,Hayir,5500000
5,2024,Beşiktaş,150,4,8,15,5,Doğalgaz,Evet,32000000
6,2024,Esenyurt,90,3,4,10,2,Merkezi,Hayir,7000000
7,2025,Beşiktaş,150,4,5,10,3,Doğalgaz,Evet,48000000
8,2025,Esenyurt,85,2,3,8,2,Doğalgaz,Evet,9000000
9,2025,Beşiktaş,140,3,6,11,4,Merkezi,Evet,46000000
10,2025,Esenyurt,95,3,2,5,1,Doğalgaz,Hayir,8000000
11,2024,Beşiktaş,130,3,5,10,2,Doğalgaz,Evet,27000000
12,2024,Esenyurt,70,2,2,6,1,Merkezi,Evet,5000000
13,2024,Beşiktaş,160,4,7,12,4,Doğalgaz,Evet,30000000
14,2024,Esenyurt,80,2,1,6,2,Doğalgaz,Hayir,6000000
15,2025,Beşiktaş,180,4,5,10,3,Merkezi,Evet,48000000
16,2025,Esenyurt,90,3,3,7,2,Doğalgaz,Evet,9500000
17,2024,Beşiktaş,110,3,4,9,3,Doğalgaz,Evet,22000000
18,2024,Esenyurt,75,2,4,6,2,Merkezi,Evet,5500000
19,2025,Beşiktaş,170,4,6,12,4,Doğalgaz,Evet,45000000
20,2025,Esenyurt,100,3,3,8,2,Doğalgaz,Hayir,8200000
21,2024,Beşiktaş,125,3,7,10,2,Doğalgaz,Evet,26000000
22,2024,Esenyurt,85,2,4,5,1,Doğalgaz,Hayir,5500000
23,2025,Beşiktaş,200,5,7,15,5,Merkezi,Evet,50000000
24,2025,Esenyurt,95,3,2,12,3,Doğalgaz,Evet,8800000
25,2024,Beşiktaş,130,4,6,12,4,Doğalgaz,Evet,29000000
26,2024,Esenyurt,80,2,3,6,2,Merkezi,Evet,6000000
27,2025,Beşiktaş,140,4,5,11,3,Doğalgaz,Evet,46000000
28,2025,Esenyurt,85,3,3,7,2,Doğalgaz,Hayir,9000000
29,2024,Beşiktaş,145,3,8,11,3,Merkezi,Evet,27000000
30,2024,Esenyurt,75,2,3,6,1,Doğalgaz,Hayir,6200000
31,2025,Beşiktaş,170,4,6,12,5,Doğalgaz,Evet,48000000
32,2025,Esenyurt,95,3,4,8,2,Doğalgaz,Evet,8300000
33,2024,Beşiktaş,135,4,7,11,3,Doğalgaz,Evet,30000000
34,2024,Esenyurt,90,2,3,6,2,Merkezi,Evet,6000000
35,2025,Beşiktaş,180,5,6,13,4,Merkezi,Evet,49000000
36,2025,Esenyurt,100,3,2,7,2,Doğalgaz,Hayir,9000000
37,2024,Beşiktaş,140,3,5,10,3,Doğalgaz,Evet,23000000
38,2024,Esenyurt,70,2,2,6,1,Merkezi,Evet,5700000
39,2025,Beşiktaş,190,5,8,14,5,Doğalgaz,Evet,51000000
40,2025,Esenyurt,110,4,4,9,3,Merkezi,Evet,11500000
41,2024,Beşiktaş,125,3,8,11,2,Doğalgaz,Evet,24000000
42,2024,Esenyurt,75,2,3,7,2,Doğalgaz,Hayir,6000000
43,2025,Beşiktaş,150,4,7,12,3,Mercenai,Evet,45000000
44,2025,Esenyurt,95,3,2,5,1,Doğalgaz,Hayir,9000000
45,2024,Beşiktaş,100,2,4,9,3,Doğalgaz,Evet,24000000
46,2024,Esenyurt,85,2,3,8,2,Merkezi,Evet,6200000
47,2025,Beşiktaş,160,4,6,14,4,Doğalgaz,Evet,48000000
48,2025,Esenyurt,100,3,3,5,1,Doğalgaz,Hayir,8000000
49,2024,Beşiktaş,170,4,5,10,2,Doğalgaz,Evet,35000000
50,2024,Esenyurt,75,2,1,5,1,Merkezi,Evet,5000000
51,2025,Beşiktaş,175,5,7,15,5,Merkezi,Evet,49000000
52,2025,Esenyurt,90,3,3,7,2,Doğalgaz,Evet,8500000
53,2024,Beşiktaş,145,4,7,11,4,Doğalgaz,Evet,27000000
54,2024,Esenyurt,70,2,2,6,1,Merkezi,Evet,6000000
55,2025,Beşiktaş,190,5,8,12,3,Doğalgaz,Evet,51000000
56,2025,Esenyurt,110,4,4,8,2,Doğalgaz,Hayir,11500000
57,2024,Beşiktaş,130,3,6,10,3,Merkezi,Evet,22000000
58,2024,Esenyurt,75,2,3,6,2,Doğalgaz,Evet,5200000
59,2025,Beşiktaş,160,4,7,11,3,Doğalgaz,Evet,45000000
60,2025,Esenyurt,100,3,3,10,2,Merkezi,Evet,8500000
61,2024,Beşiktaş,135,4,6,10,3,Doğalgaz,Evet,29000000
62,2024,Esenyurt,80,2,2,6,1,Merkezi,Hayir,6000000
63,2025,Beşiktaş,140,3,5,9,3,Doğalgaz,Evet,46000000
64,2025,Esenyurt,90,3,3,7,2,Doğalgaz,Evet,9200000
65,2024,Beşiktaş,120,3,6,10,2,Merkezi,Evet,25000000
66,2024,Esenyurt,75,2,2,6,1,Merkezi,Evet,5500000
67,2025,Beşiktaş,160,4,5,10,3,Doğalgaz,Evet,49000000
68,2025,Esenyurt,80,3,4,8,2,Merkezi,Hayir,7500000
69,2024,Beşiktaş,155,4,7,11,3,Doğalgaz,Evet,24000000
70,2024,Esenyurt,80,2,2,6,1,Doğalgaz,Hayir,6500000
71,2025,Beşiktaş,175,5,6,12,4,Merkezi,Evet,48000000
72,2025,Esenyurt,90,3,3,9,2,Doğalgaz,Hayir,9100000
73,2024,Beşiktaş,145,4,7,10,3,Merkezi,Evet,23000000
74,2024,Esenyurt,65,2,1,5,1,Doğalgaz,Evet,5000000
75,2025,Beşiktaş,135,3,6,10,2,Doğalgaz,Evet,42000000
76,2025,Esenyurt,95,3,3,7,2,Merkezi,Evet,8700000
77,2024,Beşiktaş,150,4,8,12,3,Doğalgaz,Evet,32000000
78,2024,Esenyurt,85,2,2,6,1,Merkezi,Hayir,6000000
79,2025,Beşiktaş,175,5,5,11,4,Doğalgaz,Evet,49000000
80,2025,Esenyurt,100,3,4,8,2,Doğalgaz,Hayir,9000000
81,2024,Beşiktaş,120,3,5,10,2,Merkezi,Evet,26000000
82,2024,Esenyurt,70,2,2,5,1,Doğalgaz,Hayir,5400000
83,2025,Beşiktaş,160,5,6,11,3,Merkezi,Evet,48000000
84,2025,Esenyurt,95,3,3,7,2,Doğalgaz,Evet,8500000
85,2024,Beşiktaş,135,4,7,10,3,Merkezi,Evet,27000000
86,2024,Esenyurt,80,2,3,6,1,Doğalgaz,Evet,6000000
87,2025,Beşiktaş,160,5,6,11,4,Doğalgaz,Evet,49000000
88,2025,Esenyurt,90,3,4,8,2,Merkezi,Hayir,8300000
89,2024,Beşiktaş,140,4,7,12,3,Doğalgaz,Evet,24000000
90,2024,Esenyurt,75,2,3,7,2,Merkezi,Evet,6500000
91,2025,Beşiktaş,175,5,8,15,5,Merkezi,Evet,50000000
92,2025,Esenyurt,100,3,4,8,2,Doğalgaz,Hayir,9000000
93,2024,Beşiktaş,130,3,6,10,3,Doğalgaz,Evet,28000000
94,2024,Esenyurt,82,2,2,6,1,Merkezi,Evet,5800000
95,2025,Beşiktaş,180,5,7,12,4,Merkezi,Evet,48000000
96,2025,Esenyurt,105,3,3,7,2,Doğalgaz,Evet,8300000
97,2024,Beşiktaş,120,3,5,10,3,Doğalgaz,Evet,23000000
98,2024,Esenyurt,80,2,3,6,1,Merkezi,Evet,6000000
99,2025,Beşiktaş,160,4,6,12,4,Doğalgaz,Evet,49000000
100,2025,Esenyurt,90,3,3,8,2,Doğalgaz,Hayir,9200000
101,2024,Beşiktaş,100,2,3,10,2,Doğalgaz,Evet,20000000
102,2024,Kadıköy,120,3,5,12,3,Merkezi,Evet,25000000
103,2024,Bakırköy,90,2,4,9,3,Doğalgaz,Hayır,22000000
104,2024,Sarıyer,150,4,2,15,5,Merkezi,Evet,30000000
105,2024,Şişli,110,3,6,10,3,Doğalgaz,Evet,26000000
106,2024,Üsküdar,70,2,3,7,2,Doğalgaz,Hayır,15000000
107,2024,Ümraniye,80,2,5,8,2,Merkezi,Evet,13000000
108,2024,Maltepe,100,3,7,10,4,Doğalgaz,Hayır,17000000
109,2024,Bahçelievler,95,3,6,10,3,Merkezi,Evet,16000000
110,2024,Esenyurt,75,2,2,6,1,Doğalgaz,Evet,6000000
111,2024,Pendik,85,3,1,7,2,Merkezi,Hayır,7000000
112,2024,Sancaktepe,90,3,4,9,2,Doğalgaz,Evet,8000000
113,2024,Arnavutköy,80,2,3,6,1,Merkezi,Evet,5000000
114,2024,Sultanbeyli,70,2,1,5,1,Doğalgaz,Hayır,4500000
115,2025,Beşiktaş,100,2,4,10,3,Doğalgaz,Evet,30000000
116,2025,Kadıköy,120,3,6,12,4,Merkezi,Evet,37500000
117,2025,Bakırköy,90,2,5,9,3,Doğalgaz,Hayır,33000000
118,2025,Sarıyer,150,4,3,15,5,Merkezi,Evet,45000000
119,2025,Şişli,110,3,6,10,3,Doğalgaz,Evet,39000000
120,2025,Üsküdar,70,2,4,8,2,Doğalgaz,Hayır,22500000
121,2025,Ümraniye,80,2,5,7,2,Merkezi,Evet,18500000
122,2025,Maltepe,100,3,6,10,4,Doğalgaz,Hayır,25500000
123,2025,Bahçelievler,95,3,5,9,3,Merkezi,Evet,24500000
124,2025,Esenyurt,75,2,2,6,1,Doğalgaz,Evet,9000000
125,2025,Pendik,85,3,2,7,2,Merkezi,Hayır,10500000
126,2025,Sancaktepe,90,3,2,8,2,Doğalgaz,Evet,11000000
127,2025,Arnavutköy,80,2,3,6,1,Merkezi,Evet,6500000
128,2025,Sultanbeyli,70,2,1,5,1,Doğalgaz,Hayır,6200000
129,2024,Beşiktaş,150,4,2,15,5,Doğalgaz,Evet,32000000
130,2024,Kadıköy,130,3,4,10,3,Merkezi,Evet,31000000
131,2024,Bakırköy,100,3,3,9,3,Doğalgaz,Hayır,28000000
132,2024,Sarıyer,90,2,4,12,2,Merkezi,Evet,22500000
133,2024,Şişli,110,3,5,10,4,Doğalgaz,Evet,26500000
134,2024,Üsküdar,80,2,7,8,2,Doğalgaz,Hayır,16000000
135,2024,Ümraniye,90,3,6,6,1,Merkezi,Evet,18000000
136,2024,Maltepe,100,3,4,7,2,Doğalgaz,Hayır,17500000
137,2024,Bahçelievler,75,2,3,5,1,Merkezi,Evet,6200000
138,2024,Esenyurt,70,2,2,6,1,Doğalgaz,Evet,5600000
139,2024,Pendik,80,2,5,7,2,Merkezi,Hayır,7200000
140,2024,Sancaktepe,85,3,1,8,3,Doğalgaz,Hayır,8500000
141,2024,Arnavutköy,90,3,3,6,2,Merkezi,Evet,7300000
142,2024,Sultanbeyli,65,2,1,5,1,Doğalgaz,Evet,4700000
143,2025,Beşiktaş,110,3,3,10,3,Doğalgaz,Evet,48000000
144,2025,Kadıköy,130,4,4,12,4,Merkezi,Evet,46500000
145,2025,Bakırköy,90,2,5,9,2,Doğalgaz,Hayır,37000000
146,2025,Sarıyer,150,4,3,15,5,Merkezi,Evet,50000000
147,2025,Şişli,120,4,5,11,4,Doğalgaz,Evet,42000000
148,2025,Üsküdar,75,2,5,8,2,Merkezi,Hayır,23500000
149,2025,Ümraniye,85,3,4,9,2,Doğalgaz,Evet,19500000
150,2025,Maltepe,100,3,5,10,4,Merkezi,Hayır,27000000
151,2025,Bahçelievler,80,2,4,7,2,Doğalgaz,Evet,18000000
152,2025,Esenyurt,80,2,2,5,1,Merkezi,Evet,7500000
153,2025,Pendik,90,3,2,8,2,Doğalgaz,Hayır,14500000
154,2025,Sancaktepe,100,3,3,6,1,Merkezi,Evet,12800000
155,2025,Arnavutköy,75,2,2,6,1,Doğalgaz,Evet,8900000
156,2025,Sultanbeyli,70,2,1,5,1,Merkezi,Hayır,6000000
157,2024,Beşiktaş,100,3,5,10,3,Doğalgaz,Evet,21000000
158,2024,Kadıköy,110,4,4,12,4,Merkezi,Evet,35000000
159,2024,Bakırköy,120,3,3,10,3,Doğalgaz,Hayır,24000000
160,2024,Sarıyer,130,4,2,15,5,Merkezi,Evet,30000000
161,2024,Şişli,95,3,5,9,3,Doğalgaz,Evet,22000000
162,2024,Üsküdar,80,2,4,7,2,Merkezi,Hayır,16000000
163,2024,Ümraniye,75,2,3,6,1,Doğalgaz,Evet,11000000
164,2024,Maltepe,85,3,4,8,2,Merkezi,Hayır,18000000
165,2024,Bahçelievler,80,2,2,5,1,Doğalgaz,Evet,7000000
166,2024,Esenyurt,90,3,1,6,1,Merkezi,Hayır,8000000
167,2024,Pendik,85,3,3,9,2,Doğalgaz,Evet,9000000
168,2024,Sancaktepe,95,3,4,7,2,Merkezi,Hayır,9500000
169,2024,Arnavutköy,80,2,2,5,1,Doğalgaz,Evet,6700000
170,2024,Sultanbeyli,70,2,1,5,1,Merkezi,Hayır,4500000
171,2024,Kadıköy,100,2,5,10,3,Doğalgaz,Evet,20000000
172,2024,Beşiktaş,120,3,8,12,4,Merkezi,Evet,25000000
173,2024,Üsküdar,80,2,4,7,2,Doğalgaz,Hayır,12000000
174,2024,Şişli,90,2,6,9,3,Merkezi,Evet,23000000
175,2024,Ümraniye,75,2,3,8,1,Doğalgaz,Hayır,9500000
176,2024,Maltepe,85,3,5,6,2,Doğalgaz,Evet,11500000
177,2024,Bahçelievler,95,3,4,10,3,Merkezi,Evet,14000000
178,2024,Esenyurt,70,2,2,5,1,Doğalgaz,Hayır,6000000
179,2024,Pendik,80,2,1,6,2,Merkezi,Evet,8000000
180,2024,Sultanbeyli,60,2,1,5,1,Doğalgaz,Evet,4500000
181,2025,Kadıköy,100,2,5,10,3,Merkezi,Evet,30000000
182,2025,Beşiktaş,120,3,8,12,4,Doğalgaz,Evet,37500000
183,2025,Üsküdar,80,2,4,7,2,Merkezi,Hayır,18000000
184,2025,Şişli,90,2,6,9,3,Doğalgaz,Evet,34500000
185,2025,Ümraniye,75,2,3,8,1,Merkezi,Hayır,14250000
186,2025,Maltepe,85,3,5,6,2,Doğalgaz,Evet,17250000
187,2025,Bahçelievler,95,3,4,10,3,Merkezi,Evet,21000000
188,2025,Esenyurt,70,2,2,5,1,Doğalgaz,Hayır,9000000
189,2025,Pendik,80,3,1,6,2,Merkezi,Evet,12000000
190,2025,Sultanbeyli,60,2,1,5,1,Doğalgaz,Evet,6750000
191,2024,Kadıköy,110,3,6,11,3,Merkezi,Evet,35000000
192,2024,Beşiktaş,130,4,3,15,5,Doğalgaz,Evet,40000000
193,2024,Üsküdar,85,3,5,10,3,Merkezi,Hayır,13500000
194,2024,Şişli,95,3,4,8,2,Doğalgaz,Evet,16000000
195,2024,Ümraniye,80,2,4,7,2,Merkezi,Hayır,11000000
196,2024,Maltepe,90,3,6,9,1,Doğalgaz,Evet,14500000
197,2024,Bahçelievler,100,2,5,10,3,Merkezi,Evet,15000000
198,2024,Esenyurt,80,2,2,6,1,Doğalgaz,Hayır,7500000
199,2024,Pendik,70,2,1,5,1,Merkezi,Evet,5000000
200,2024,Sultanbeyli,65,2,1,5,1,Doğalgaz,Evet,4200000
201,2025,Kadıköy,110,3,6,11,3,Merkezi,Evet,52500000
202,2025,Beşiktaş,130,4,3,15,5,Doğalgaz,Evet,60000000
203,2025,Üsküdar,85,3,5,10,3,Merkezi,Hayır,20250000
204,2025,Şişli,95,3,4,8,2,Doğalgaz,Evet,24000000
205,2025,Ümraniye,80,2,4,7,2,Merkezi,Hayır,16500000
206,2025,Maltepe,90,3,6,9,1,Doğalgaz,Evet,18500000
207,2025,Bahçelievler,100,2,5,10,3,Merkezi,Evet,22500000
208,2025,Esenyurt,80,2,2,6,1,Doğalgaz,Hayır,13500000
209,2025,Pendik,70,2,1,5,1,Merkezi,Evet,8500000
210,2025,Sultanbeyli,65,2,1,5,1,Doğalgaz,Evet,6200000
211,2024,Kadıköy,105,3,5,12,3,Merkezi,Evet,39000000
212,2024,Beşiktaş,125,4,4,15,5,Doğalgaz,Evet,45000000
213,2024,Üsküdar,88,3,3,8,2,Merkezi,Hayır,15500000
214,2024,Şişli,102,3,6,10,4,Doğalgaz,Evet,25000000
215,2024,Ümraniye,82,2,4,8,1,Doğalgaz,Hayır,11500000
216,2024,Maltepe,75,2,3,6,1,Merkezi,Evet,10250000
217,2024,Bahçelievler,82,3,5,9,3,Doğalgaz,Hayır,13500000
218,2024,Esenyurt,78,2,1,5,1,Merkezi,Evet,7500000
219,2024,Pendik,83,3,2,6,2,Doğalgaz,Hayır,8000000
220,2024,Sultanbeyli,70,2,1,5,1,Merkezi,Evet,4800000
221,2024,Kadıköy,90,2,5,10,3,Doğalgaz,Evet,16800000
222,2024,Ümraniye,85,3,8,12,3,Merkezi,Evet,12800000
223,2024,Maltepe,100,3,6,10,4,Doğalgaz,Hayır,13500000
224,2024,Kartal,110,3,4,9,3,Merkezi,Evet,14000000
225,2024,Şişli,95,3,7,10,3,Doğalgaz,Evet,17500000
226,2024,Sarıyer,120,4,3,15,5,Merkezi,Evet,35000000
227,2024,Beşiktaş,100,3,2,11,3,Doğalgaz,Evet,45000000
228,2024,Pendik,70,2,1,7,2,Merkezi,Evet,8000000
229,2024,Silivri,65,2,10,5,1,Doğalgaz,Hayır,5200000
230,2024,Kadıköy,100,3,4,10,3,Merkezi,Evet,18000000
231,2024,Ümraniye,90,3,6,8,2,Doğalgaz,Hayır,11800000
232,2024,Maltepe,115,4,5,9,4,Merkezi,Hayır,14500000
233,2024,Kartal,80,2,3,7,1,Doğalgaz,Evet,10000000
234,2024,Şişli,75,2,4,6,2,Merkezi,Evet,16500000
235,2024,Sarıyer,130,4,2,15,5,Doğalgaz,Evet,40000000
236,2024,Beşiktaş,110,3,5,14,4,Merkezi,Evet,48000000
237,2024,Pendik,75,2,1,5,1,Doğalgaz,Hayır,6200000
238,2024,Silivri,70,2,12,4,1,Merkezi,Evet,5300000
239,2025,Kadıköy,95,3,5,10,3,Doğalgaz,Evet,27000000
240,2025,Ümraniye,85,3,7,8,2,Merkezi,Evet,18000000
241,2025,Maltepe,110,4,4,10,3,Doğalgaz,Hayır,21500000
242,2025,Kartal,120,4,3,9,2,Merkezi,Evet,21000000
243,2025,Şişli,100,3,6,11,3,Doğalgaz,Evet,26250000
244,2025,Sarıyer,140,4,2,15,5,Merkezi,Evet,52500000
245,2025,Beşiktaş,120,4,3,14,4,Doğalgaz,Evet,72000000
246,2025,Pendik,85,3,1,6,2,Merkezi,Hayır,9000000
247,2025,Silivri,75,2,11,5,1,Doğalgaz,Hayır,6000000
248,2024,Kadıköy,110,4,4,10,3,Merkezi,Evet,29000000
249,2024,Ümraniye,95,3,6,9,2,Doğalgaz,Evet,14500000
250,2024,Maltepe,120,4,5,8,2,Merkezi,Hayır,19500000
251,2024,Kartal,100,3,3,7,1,Doğalgaz,Evet,15000000
252,2024,Şişli,90,2,6,8,3,Merkezi,Evet,18500000
253,2024,Sarıyer,130,4,2,15,6,Doğalgaz,Evet,42000000
254,2024,Beşiktaş,115,3,5,13,4,Merkezi,Evet,57500000
255,2024,Pendik,80,2,2,5,1,Doğalgaz,Hayır,4000000
256,2024,Silivri,68,2,10,4,1,Merkezi,Evet,5300000
257,2025,Kadıköy,125,4,5,11,3,Doğalgaz,Evet,43500000
258,2025,Ümraniye,95,3,7,9,2,Merkezi,Hayır,20000000
259,2025,Maltepe,130,4,4,10,3,Doğalgaz,Evet,26000000
260,2025,Kartal,140,4,3,9,2,Merkezi,Evet,26500000
261,2025,Şişli,100,3,6,11,3,Doğalgaz,Evet,39000000
262,2025,Sarıyer,150,5,2,15,5,Merkezi,Evet,75000000
263,2025,Beşiktaş,125,4,3,14,4,Doğalgaz,Evet,105000000
264,2025,Pendik,85,3,1,5,1,Merkezi,Hayır,6700000
265,2025,Silivri,80,2,12,4,1,Doğalgaz,Hayır,6000000
266,2024,Kadıköy,95,2,5,10,3,Merkezi,Evet,17250000
267,2024,Ümraniye,90,3,8,12,3,Doğalgaz,Evet,12800000
268,2024,Maltepe,110,3,6,10,4,Merkezi,Evet,14600000
269,2024,Kartal,100,3,4,9,3,Doğalgaz,Evet,14500000
270,2024,Şişli,75,2,6,9,2,Doğalgaz,Hayır,18500000
271,2024,Sarıyer,130,4,3,15,5,Merkezi,Evet,42000000
272,2024,Beşiktaş,125,4,4,13,4,Doğalgaz,Evet,55000000
273,2024,Pendik,78,2,1,7,2,Merkezi,Hayır,5500000
274,2024,Silivri,72,2,9,5,1,Doğalgaz,Evet,5400000
275,2025,Kadıköy,100,3,5,10,3,Merkezi,Evet,27000000
276,2025,Ümraniye,85,3,6,8,1,Doğalgaz,Evet,18000000
277,2025,Maltepe,120,4,4,10,2,Merkezi,Hayır,22500000
278,2025,Kartal,140,4,3,9,3,Doğalgaz,Evet,27300000
279,2025,Şişli,90,3,7,10,3,Merkezi,Evet,25500000
280,2025,Sarıyer,150,5,2,15,5,Doğalgaz,Evet,69000000
281,2025,Beşiktaş,140,4,3,14,4,Merkezi,Evet,86000000
282,2025,Pendik,80,2,2,5,1,Doğalgaz,Hayır,7500000
283,2025,Silivri,70,2,10,4,1,Merkezi,Evet,5300000
284,2024,Kadıköy,105,3,4,10,3,Doğalgaz,Evet,19000000
285,2024,Ümraniye,95,3,7,9,2,Merkezi,Evet,13000000
286,2024,Maltepe,130,4,5,9,3,Doğalgaz,Hayır,17500000
287,2024,Kartal,110,3,2,8,1,Doğalgaz,Evet,14500000
288,2024,Şişli,90,3,6,9,3,Merkezi,Evet,18800000
289,2024,Sarıyer,140,4,3,15,5,Doğalgaz,Evet,65000000
290,2024,Beşiktaş,145,4,2,14,6,Merkezi,Evet,90000000
291,2024,Pendik,85,3,1,5,1,Doğalgaz,Hayır,6800000
292,2024,Silivri,75,2,11,5,1,Merkezi,Evet,6000000
293,2025,Kadıköy,110,4,5,11,3,Doğalgaz,Evet,38500000
294,2025,Ümraniye,95,3,6,9,2,Merkezi,Evet,19800000
295,2025,Maltepe,140,4,4,10,3,Doğalgaz,Evet,25900000
296,2025,Kartal,130,4,3,9,2,Merkezi,Evet,24300000
297,2025,Şişli,85,3,7,10,3,Doğalgaz,Evet,27600000
298,2025,Sarıyer,160,5,2,15,5,Doğalgaz,Evet,78000000
299,2025,Beşiktaş,150,5,2,14,4,Merkezi,Evet,95000000
300,2025,Pendik,90,3,1,6,1,Doğalgaz,Hayır,9800000
301,2025,Silivri,70,2,10,4,1,Merkezi,Evet,6800000
302,2025,Kadıköy,100,2,4,8,3,Doğalgaz,Evet,18000000
303,2025,Üsküdar,80,2,2,6,2,Merkezi,Evet,12000000
304,2025,Maltepe,120,3,3,8,3,Doğalgaz,Hayır,14500000
305,2025,Ataşehir,90,2,5,9,2,Doğalgaz,Evet,15000000
306,2025,Şişli,110,3,1,11,4,Merkezi,Evet,22000000
307,2025,Kadıköy,140,3,2,12,5,Doğalgaz,Evet,28000000
308,2025,Üsküdar,100,2,8,10,5,Merkezi,Evet,18500000
309,2025,Maltepe,130,4,1,10,4,Doğalgaz,Hayır,23000000
310,2025,Ataşehir,160,4,0,15,6,Doğalgaz,Evet,40000000
311,2025,Şişli,90,2,7,7,3,Merkezi,Evet,15000000
312,2025,Kadıköy,110,3,4,9,4,Doğalgaz,Evet,21000000
313,2025,Üsküdar,120,3,5,8,3,Merkezi,Evet,20000000
314,2025,Maltepe,140,4,2,10,4,Doğalgaz,Hayır,24500000
315,2025,Ataşehir,100,2,6,9,2,Doğalgaz,Evet,17500000
316,2025,Şişli,130,4,3,9,4,Merkezi,Evet,27500000
317,2025,Kadıköy,90,2,1,8,3,Doğalgaz,Evet,14500000
318,2025,Üsküdar,140,3,0,12,5,Merkezi,Evet,31000000
319,2025,Maltepe,120,3,9,11,4,Doğalgaz,Hayır,20000000
320,2025,Ataşehir,110,3,4,9,3,Doğalgaz,Evet,22000000
321,2025,Şişli,150,4,2,10,2,Merkezi,Evet,32000000
322,2025,Kadıköy,100,2,3,10,3,Doğalgaz,Evet,18000000
323,2025,Üsküdar,80,2,5,7,1,Merkezi,Evet,13000000
324,2025,Maltepe,90,2,7,6,1,Doğalgaz,Evet,14000000
325,2025,Ataşehir,130,4,3,11,4,Merkezi,Evet,26000000
326,2025,Şişli,120,3,2,10,3,Doğalgaz,Evet,19500000
327,2025,Kadıköy,140,4,0,12,5,Doğalgaz,Evet,31000000
328,2025,Üsküdar,150,4,1,10,3,Merkezi,Evet,29000000
329,2025,Maltepe,110,3,5,9,4,Doğalgaz,Hayır,18500000
330,2025,Ataşehir,90,2,6,8,2,Doğalgaz,Evet,16000000
331,2025,Şişli,100,3,4,10,3,Merkezi,Evet,20000000
332,2025,Kadıköy,120,3,3,12,5,Doğalgaz,Evet,25000000
333,2025,Üsküdar,130,4,2,11,4,Merkezi,Evet,23000000
334,2025,Maltepe,140,4,0,15,6,Doğalgaz,Hayır,37000000
335,2025,Ataşehir,110,3,1,9,2,Doğalgaz,Evet,18000000
336,2025,Şişli,80,2,5,7,2,Merkezi,Evet,13000000
337,2025,Kadıköy,95,2,6,8,2,Doğalgaz,Evet,16000000
338,2025,Üsküdar,85,2,3,7,2,Merkezi,Evet,12500000
339,2025,Maltepe,140,4,0,13,5,Doğalgaz,Evet,31000000
340,2025,Ataşehir,90,2,8,9,3,Doğalgaz,Evet,14500000
341,2025,Şişli,100,2,4,10,4,Merkezi,Evet,20000000
342,2025,Kadıköy,120,4,2,11,3,Doğalgaz,Evet,28000000
343,2025,Üsküdar,100,3,1,10,3,Merkezi,Evet,17000000
344,2025,Maltepe,90,3,5,7,1,Doğalgaz,Hayır,13500000
345,2025,Ataşehir,110,3,4,8,3,Merkezi,Evet,20500000
346,2025,Şişli,150,4,2,14,5,Doğalgaz,Evet,37000000
347,2025,Kadıköy,140,3,3,11,3,Doğalgaz,Evet,28000000
348,2025,Üsküdar,120,3,2,10,4,Merkezi,Evet,22500000
349,2025,Maltepe,110,3,1,9,2,Doğalgaz,Evet,19000000
350,2025,Ataşehir,90,2,7,8,1,Merkezi,Evet,14500000
351,2025,Şişli,130,4,5,11,3,Doğalgaz,Evet,31000000
352,2025,Kadıköy,100,3,2,10,4,Doğalgaz,Evet,17500000
353,2025,Üsküdar,140,4,0,15,6,Merkezi,Evet,37000000
354,2025,Maltepe,120,3,9,10,4,Doğalgaz,Evet,21000000
355,2025,Ataşehir,80,2,8,8,2,Merkezi,Evet,12500000
356,2025,Şişli,100,3,4,10,4,Doğalgaz,Evet,19000000
357,2025,Kadıköy,130,4,1,12,5,Merkezi,Evet,29000000
358,2025,Üsküdar,120,3,5,10,3,Doğalgaz,Evet,22000000
359,2025,Maltepe,140,4,0,11,3,Merkezi,Evet,31000000
360,2025,Ataşehir,100,3,4,9,2,Doğalgaz,Evet,20000000
361,2025,Şişli,130,4,2,8,1,Merkezi,Evet,26000000
362,2025,Kadıköy,85,2,3,9,2,Doğalgaz,Evet,16500000
363,2025,Üsküdar,110,3,6,10,3,Merkezi,Evet,20500000
364,2025,Maltepe,100,3,1,10,4,Doğalgaz,Evet,18000000
365,2025,Ataşehir,120,3,3,12,5,Merkezi,Evet,23500000
366,2025,Şişli,80,2,7,8,2,Doğalgaz,Evet,14000000
367,2025,Kadıköy,110,3,0,11,4,Merkezi,Evet,22500000
368,2025,Üsküdar,140,4,5,8,3,Doğalgaz,Evet,32000000
369,2025,Maltepe,90,2,8,9,2,Merkezi,Evet,14000000
370,2025,Ataşehir,130,4,4,10,3,Doğalgaz,Evet,27000000
371,2025,Şişli,150,4,2,14,5,Merkezi,Evet,37000000
372,2025,Kadıköy,90,2,1,5,2,Doğalgaz,Evet,15000000
373,2025,Üsküdar,100,3,3,8,1,Merkezi,Evet,17500000
374,2025,Maltepe,120,3,6,11,3,Doğalgaz,Evet,21000000
375,2025,Ataşehir,140,4,2,9,1,Merkezi,Evet,29500000
376,2025,Şişli,110,3,4,10,4,Doğalgaz,Evet,22000000
377,2025,Kadıköy,120,4,3,8,2,Merkezi,Evet,27000000
378,2025,Üsküdar,140,4,1,11,4,Doğalgaz,Evet,35000000
379,2025,Maltepe,100,3,5,8,3,Merkezi,Evet,19700000
380,2025,Ataşehir,80,2,6,8,2,Doğalgaz,Evet,13500000
381,2025,Şişli,130,4,4,9,3,Merkezi,Evet,24000000
582,2025,Kadıköy,150,4,0,15,5,Doğalgaz,Evet,35000000
383,2025,Üsküdar,120,3,5,10,3,Merkezi,Evet,22500000
384,2025,Maltepe,90,3,2,9,2,Doğalgaz,Evet,16000000
385,2025,Ataşehir,110,3,6,10,2,Merkezi,Evet,22000000
386,2025,Şişli,140,4,2,11,4,Doğalgaz,Evet,31000000
387,2025,Kadıköy,100,2,3,8,2,Merkezi,Evet,18000000
388,2025,Üsküdar,110,3,4,10,3,Doğalgaz,Evet,20500000
389,2025,Maltepe,130,4,1,9,1,Merkezi,Evet,22000000
390,2025,Ataşehir,140,4,0,12,5,Doğalgaz,Evet,36000000
391,2025,Şişli,80,2,6,8,2,Merkezi,Evet,14500000
392,2025,Kadıköy,150,5,2,14,4,Doğalgaz,Evet,42000000
393,2025,Üsküdar,90,2,5,7,1,Merkezi,Evet,17500000
394,2025,Maltepe,110,3,4,9,2,Doğalgaz,Evet,19600000
395,2025,Ataşehir,80,2,7,8,2,Merkezi,Evet,14000000
396,2025,Şişli,130,4,3,11,3,Doğalgaz,Evet,25000000
397,2025,Kadıköy,100,3,0,9,2,Doğalgaz,Evet,18500000
398,2025,Üsküdar,140,4,1,10,3,Merkezi,Evet,36000000
399,2025,Maltepe,120,3,3,8,1,Doğalgaz,Evet,20500000
400,2025,Ataşehir,90,2,6,9,2,Merkezi,Evet,17000000
401,2025,Beşiktaş,120,3,1,6,5,Doğalgaz,Evet,52500000
402,2025,Bakırköy,150,4,3,8,5,Merkezi,Evet,72000000
403,2025,Sarıyer,140,3,2,7,4,Doğalgaz,Evet,68000000
404,2025,Beşiktaş,130,3,5,9,4,Merkezi,Evet,61000000
405,2025,Kadıköy,100,2,10,7,3,Doğalgaz,Evet,24500000
406,2025,Ataşehir,90,3,2,10,3,Merkezi,Evet,22500000
407,2025,Ümraniye,110,3,15,5,2,Doğalgaz,Evet,18000000
408,2025,Esenyurt,80,2,5,7,2,Merkezi,Evet,11500000
409,2025,Pendik,95,3,7,6,1,Doğalgaz,Evet,20000000
410,2025,Tuzla,70,2,8,4,1,Merkezi,Evet,9500000
411,2025,Beşiktaş,115,4,4,5,3,Doğalgaz,Evet,55000000
412,2025,Bakırköy,140,3,12,6,4,Merkezi,Evet,75000000
413,2025,Sarıyer,130,4,6,7,3,Doğalgaz,Evet,69000000
414,2025,Beşiktaş,135,3,1,8,4,Merkezi,Evet,61500000
415,2025,Kadıköy,95,2,0,10,3,Doğalgaz,Evet,28000000
416,2025,Ataşehir,85,3,5,5,2,Merkezi,Evet,22500000
417,2025,Ümraniye,105,3,12,6,2,Doğalgaz,Evet,19000000
418,2025,Esenyurt,70,2,20,5,1,Doğalgaz,Evet,8600000
419,2025,Pendik,90,3,15,7,1,Merkezi,Evet,19500000
420,2025,Tuzla,85,2,12,6,1,Doğalgaz,Evet,8000000
421,2025,Beşiktaş,125,3,1,6,2,Doğalgaz,Evet,52000000
422,2025,Bakırköy,130,4,3,8,4,Merkezi,Evet,74000000
423,2025,Sarıyer,145,4,5,5,3,Doğalgaz,Evet,72000000
424,2025,Beşiktaş,135,3,2,9,3,Merkezi,Evet,60000000
425,2025,Kadıköy,110,3,6,9,2,Doğalgaz,Evet,22000000
426,2025,Ataşehir,100,3,0,10,3,Merkezi,Evet,21500000
427,2025,Ümraniye,120,3,12,7,1,Doğalgaz,Evet,18500000
428,2025,Esenyurt,85,2,10,6,1,Merkezi,Evet,10000000
429,2025,Pendik,95,3,4,5,1,Doğalgaz,Evet,19500000
430,2025,Tuzla,75,2,10,4,1,Merkezi,Evet,7000000
431,2025,Beşiktaş,140,4,3,8,3,Doğalgaz,Evet,70000000
432,2025,Bakırköy,150,4,8,10,4,Merkezi,Evet,78000000
433,2025,Sarıyer,135,4,4,7,3,Doğalgaz,Evet,69000000
434,2025,Beşiktaş,150,4,0,12,5,Merkezi,Evet,75000000
435,2025,Kadıköy,80,2,7,6,2,Doğalgaz,Evet,17000000
436,2025,Ataşehir,90,3,8,5,1,Merkezi,Evet,21000000
437,2025,Ümraniye,105,3,15,6,2,Doğalgaz,Evet,18500000
438,2025,Esenyurt,75,2,20,4,1,Doğalgaz,Evet,8500000
439,2025,Pendik,100,3,3,7,1,Merkezi,Evet,20000000
440,2025,Tuzla,70,2,8,5,1,Doğalgaz,Evet,7500000
441,2025,Beşiktaş,120,3,2,4,2,Doğalgaz,Evet,52000000
442,2025,Bakırköy,140,4,5,9,4,Merkezi,Evet,71000000
443,2025,Sarıyer,155,4,1,10,5,Doğalgaz,Evet,80000000
444,2025,Beşiktaş,135,3,6,7,4,Merkezi,Evet,64500000
445,2025,Kadıköy,90,3,8,9,1,Doğalgaz,Evet,19000000
446,2025,Ataşehir,100,3,3,8,2,Merkezi,Evet,22000000
447,2025,Ümraniye,110,3,10,6,2,Doğalgaz,Evet,17500000
448,2025,Esenyurt,80,2,15,5,1,Merkezi,Evet,9000000
449,2025,Pendik,95,3,10,7,1,Doğalgaz,Evet,21000000
450,2025,Tuzla,75,2,5,4,1,Merkezi,Evet,6500000
451,2025,Beşiktaş,130,3,8,5,3,Doğalgaz,Evet,67000000
452,2025,Bakırköy,150,4,3,9,4,Merkezi,Evet,78000000
453,2025,Sarıyer,140,3,4,7,3,Doğalgaz,Evet,72000000
454,2025,Beşiktaş,128,4,2,8,3,Merkezi,Evet,65000000
455,2025,Kadıköy,95,2,6,9,2,Doğalgaz,Evet,17000000
456,2025,Ataşehir,110,3,5,7,2,Merkezi,Evet,19000000
457,2025,Ümraniye,140,4,12,6,2,Doğalgaz,Evet,20000000
458,2025,Esenyurt,77,2,15,5,1,Doğalgaz,Evet,9100000
459,2025,Pendik,90,3,20,7,1,Merkezi,Evet,17000000
460,2025,Tuzla,60,2,5,4,1,Doğalgaz,Evet,6000000
461,2025,Beşiktaş,120,3,0,5,3,Doğalgaz,Evet,51000000
462,2025,Bakırköy,135,3,1,10,4,Merkezi,Evet,68000000
463,2025,Sarıyer,160,4,2,8,3,Doğalgaz,Evet,84000000
464,2025,Beşiktaş,141,3,0,7,2,Merkezi,Evet,73000000
465,2025,Kadıköy,85,2,6,6,2,Doğalgaz,Evet,16500000
466,2025,Ataşehir,97,2,4,5,1,Merkezi,Evet,17000000
467,2025,Ümraniye,113,3,15,4,2,Doğalgaz,Evet,17500000
468,2025,Esenyurt,72,2,18,5,1,Doğalgaz,Evet,8200000
469,2025,Pendik,92,3,11,6,1,Merkezi,Evet,18000000
470,2025,Tuzla,80,2,3,4,1,Doğalgaz,Evet,7200000
471,2025,Beşiktaş,125,3,9,8,3,Doğalgaz,Evet,59000000
472,2025,Bakırköy,145,4,4,9,4,Merkezi,Evet,74000000
473,2025,Sarıyer,135,3,2,7,3,Doğalgaz,Evet,62000000
474,2025,Beşiktaş,130,3,5,10,5,Merkezi,Evet,65000000
475,2025,Kadıköy,105,3,3,8,2,Doğalgaz,Evet,20000000
476,2025,Ataşehir,90,2,12,7,1,Merkezi,Evet,20000000
477,2025,Ümraniye,120,3,10,6,2,Doğalgaz,Evet,19000000
478,2025,Esenyurt,75,2,20,5,1,Merkezi,Evet,9500000
479,2025,Pendik,100,3,5,7,1,Doğalgaz,Evet,20000000
480,2025,Tuzla,82,2,15,4,1,Merkezi,Evet,6000000
481,2025,Beşiktaş,138,4,1,9,3,Doğalgaz,Evet,70000000
482,2025,Bakırköy,140,3,6,9,2,Merkezi,Evet,71000000
483,2025,Sarıyer,160,5,0,12,5,Doğalgaz,Evet,80000000
484,2025,Beşiktaş,130,3,7,8,4,Merkezi,Evet,63500000
485,2025,Kadıköy,85,2,10,5,4,Doğalgaz,Evet,15500000
486,2025,Ataşehir,80,2,8,7,1,Merkezi,Evet,15000000
487,2025,Ümraniye,125,3,12,4,2,Doğalgaz,Evet,20000000
488,2025,Esenyurt,90,2,15,6,1,Merkezi,Evet,9100000
489,2025,Pendik,85,3,7,5,1,Doğalgaz,Evet,16500000
490,2025,Tuzla,75,2,3,4,1,Merkezi,Evet,7000000
491,2025,Beşiktaş,115,3,1,7,4,Doğalgaz,Evet,62000000
492,2025,Bakırköy,139,4,2,8,3,Merkezi,Evet,73000000
493,2025,Sarıyer,150,4,0,9,4,Doğalgaz,Evet,75000000
494,2025,Beşiktaş,132,3,2,10,4,Merkezi,Evet,65000000
495,2025,Kadıköy,100,3,8,5,2,Doğalgaz,Evet,19000000
496,2025,Ataşehir,110,3,3,6,2,Merkezi,Evet,21500000
497,2025,Ümraniye,95,2,12,4,1,Doğalgaz,Evet,16000000
498,2025,Esenyurt,80,2,20,5,1,Merkezi,Evet,9100000
499,2025,Pendik,88,2,10,6,1,Doğalgaz,Evet,18000000
500,2025,Tuzla,70,2,5,5,1,Merkezi,Evet,6000000
501,2025,Kadıköy,80,2,5,10,5,Doğalgaz,Evet,23500000
502,2025,Beşiktaş,100,3,3,7,4,Merkezi,Evet,35000000
503,2025,Şişli,120,3,8,9,4,Doğalgaz,Evet,29000000
504,2025,Üsküdar,90,2,4,8,3,Merkezi,Evet,22000000
505,2025,Ataşehir,110,3,2,12,6,Doğalgaz,Evet,25000000
506,2025,Ümraniye,95,3,15,6,2,Doğalgaz,Evet,18000000
507,2025,Esenyurt,86,2,7,10,5,Merkezi,Evet,15000000
508,2025,Pendik,95,3,10,4,1,Doğalgaz,Evet,17000000
509,2025,Kadıköy,85,2,1,12,5,Doğalgaz,Evet,22000000
510,2025,Beşiktaş,140,4,3,5,2,Merkezi,Evet,47000000
511,2025,Şişli,115,3,7,9,6,Doğalgaz,Evet,30000000
512,2025,Üsküdar,90,3,6,8,3,Merkezi,Evet,19500000
513,2025,Ataşehir,75,2,4,10,4,Doğalgaz,Evet,21000000
514,2025,Ümraniye,100,3,5,7,3,Doğalgaz,Evet,18500000
515,2025,Esenyurt,70,2,8,5,2,Merkezi,Evet,14500000
516,2025,Pendik,80,2,6,4,1,Doğalgaz,Evet,16000000
517,2025,Kadıköy,120,4,2,11,5,Doğalgaz,Evet,30000000
518,2025,Beşiktaş,130,3,1,7,4,Merkezi,Evet,44000000
519,2025,Şişli,95,2,5,9,3,Doğalgaz,Evet,21000000
520,2025,Üsküdar,110,3,4,8,2,Merkezi,Evet,22000000
521,2025,Ataşehir,140,4,1,3,2,Doğalgaz,Evet,47000000
522,2025,Ümraniye,120,3,3,6,1,Doğalgaz,Evet,18000000
523,2025,Esenyurt,90,2,7,5,3,Merkezi,Evet,15500000
524,2025,Pendik,85,2,4,6,1,Doğalgaz,Evet,15000000
525,2025,Kadıköy,100,3,2,14,6,Doğalgaz,Evet,29000000
526,2025,Beşiktaş,135,4,5,5,3,Merkezi,Evet,51000000
527,2025,Şişli,125,3,8,9,4,Doğalgaz,Evet,32000000
528,2025,Üsküdar,95,3,6,10,4,Merkezi,Evet,23000000
529,2025,Ataşehir,110,2,3,7,1,Doğalgaz,Evet,21000000
530,2025,Ümraniye,100,3,15,6,3,Doğalgaz,Evet,18000000
531,2025,Esenyurt,80,2,10,4,1,Merkezi,Evet,13500000
532,2025,Pendik,90,3,1,12,5,Doğalgaz,Evet,19500000
533,2025,Kadıköy,115,3,2,8,4,Merkezi,Evet,29500000
534,2025,Beşiktaş,100,3,4,9,3,Doğalgaz,Evet,35000000
535,2025,Şişli,130,4,9,5,2,Merkezi,Evet,34000000
536,2025,Üsküdar,120,3,5,8,3,Doğalgaz,Evet,25000000
537,2025,Ataşehir,95,2,7,6,1,Merkezi,Evet,17000000
538,2025,Ümraniye,85,2,12,4,2,Doğalgaz,Evet,16000000
539,2025,Esenyurt,77,2,11,5,3,Merkezi,Evet,14000000
540,2025,Pendik,80,3,3,9,2,Doğalgaz,Evet,17500000
541,2025,Kadıköy,90,2,6,10,5,Doğalgaz,Evet,22000000
542,2025,Beşiktaş,95,2,1,12,5,Merkezi,Evet,34500000
543,2025,Şişli,85,3,4,6,4,Doğalgaz,Evet,21000000
544,2025,Üsküdar,120,4,3,3,2,Doğalgaz,Evet,32000000
545,2025,Ataşehir,130,3,10,8,4,Merkezi,Evet,40000000
546,2025,Ümraniye,110,2,5,7,1,Doğalgaz,Evet,19000000
547,2025,Esenyurt,75,2,8,6,1,Merkezi,Evet,12500000
548,2025,Pendik,90,3,9,4,2,Doğalgaz,Evet,18000000
549,2025,Kadıköy,100,4,1,11,5,Merkezi,Evet,33500000
550,2025,Beşiktaş,120,3,0,6,2,Doğalgaz,Evet,49000000
551,2025,Şişli,110,3,5,8,4,Merkezi,Evet,29000000
552,2025,Üsküdar,105,2,2,10,3,Doğalgaz,Evet,20000000
553,2025,Ataşehir,120,3,6,4,1,Merkezi,Evet,22500000
554,2025,Ümraniye,130,4,1,7,2,Doğalgaz,Evet,20000000
555,2025,Esenyurt,100,3,3,5,1,Merkezi,Evet,15000000
556,2025,Pendik,85,2,15,8,1,Doğalgaz,Evet,16000000
557,2025,Kadıköy,90,2,10,5,4,Merkezi,Evet,22500000
558,2025,Beşiktaş,140,4,4,9,3,Doğalgaz,Evet,72000000
559,2025,Şişli,95,3,7,6,2,Merkezi,Evet,23000000
560,2025,Üsküdar,110,3,5,8,1,Doğalgaz,Evet,20000000
561,2025,Ataşehir,120,2,9,7,4,Merkezi,Evet,21500000
562,2025,Ümraniye,130,4,2,11,3,Doğalgaz,Evet,22500000
563,2025,Esenyurt,80,2,11,6,1,Merkezi,Evet,13500000
564,2025,Pendik,100,3,4,8,3,Doğalgaz,Evet,17000000
565,2025,Kadıköy,135,4,3,5,4,Doğalgaz,Evet,53000000
566,2025,Beşiktaş,120,3,2,10,5,Merkezi,Evet,48000000
567,2025,Şişli,100,4,6,8,2,Merkezi,Evet,30000000
568,2025,Üsküdar,95,3,8,7,4,Doğalgaz,Evet,21000000
569,2025,Ataşehir,90,2,5,9,2,Merkezi,Evet,19000000
570,2025,Ümraniye,100,3,4,8,3,Doğalgaz,Evet,17500000
571,2025,Esenyurt,80,2,10,5,1,Merkezi,Evet,12000000
572,2025,Pendik,85,2,8,6,1,Doğalgaz,Evet,15000000
573,2025,Kadıköy,100,4,3,5,4,Merkezi,Evet,40000000
574,2025,Beşiktaş,110,3,5,8,3,Doğalgaz,Evet,46000000
575,2025,Şişli,120,4,4,9,2,Merkezi,Evet,31000000
576,2025,Üsküdar,90,3,6,10,4,Doğalgaz,Evet,19500000
577,2025,Ataşehir,95,2,2,7,3,Merkezi,Evet,19000000
578,2025,Ümraniye,85,2,4,8,1,Doğalgaz,Evet,18000000
579,2025,Esenyurt,75,2,11,6,1,Merkezi,Evet,13000000
580,2025,Pendik,90,3,0,12,5,Doğalgaz,Evet,20000000
581,2025,Kadıköy,130,4,1,11,4,Merkezi,Evet,39000000
582,2025,Beşiktaş,120,3,5,7,3,Doğalgaz,Evet,45000000
583,2025,Şişli,110,3,2,9,2,Merkezi,Evet,29000000
584,2025,Üsküdar,100,4,3,8,3,Doğalgaz,Evet,25000000
585,2025,Ataşehir,95,2,0,10,2,Merkezi,Evet,21000000
586,2025,Ümraniye,85,2,5,9,1,Doğalgaz,Evet,18000000
587,2025,Esenyurt,70,2,10,5,1,Merkezi,Evet,12000000
588,2025,Pendik,80,3,6,6,2,Doğalgaz,Evet,17000000
589,2025,Kadıköy,120,4,4,9,3,Merkezi,Evet,31000000
590,2025,Beşiktaş,90,3,1,12,5,Doğalgaz,Evet,34000000
591,2025,Şişli,100,3,7,8,4,Merkezi,Evet,22000000
592,2025,Üsküdar,115,3,6,7,3,Doğalgaz,Evet,28000000
593,2025,Ataşehir,110,3,5,10,4,Merkezi,Evet,23000000
594,2025,Ümraniye,125,4,2,5,1,Doğalgaz,Evet,21000000
595,2025,Esenyurt,80,2,11,6,1,Merkezi,Evet,15000000
596,2025,Pendik,90,2,4,8,2,Doğalgaz,Evet,18000000
597,2025,Kadıköy,130,4,1,10,5,Merkezi,Evet,41000000
598,2025,Beşiktaş,120,3,3,9,4,Doğalgaz,Evet,47000000
599,2025,Şişli,100,3,5,5,2,Merkezi,Evet,25000000
600,2025,Üsküdar,90,3,8,6,1,Doğalgaz,Evet,20000000
601,2025,Beşiktaş,150,4,35,6,3,Doğalgaz,Evet,15000000
602,2025,Kadıköy,120,3,31,7,4,Merkezi,Evet,12500000
603,2025,Beşiktaş,130,3,28,5,2,Doğalgaz,Evet,14000000
604,2025,Kadıköy,140,4,32,8,3,Merkezi,Evet,13500000
605,2025,Beşiktaş,160,4,30,5,1,Doğalgaz,Evet,16000000
606,2025,Kadıköy,125,3,30,9,5,Merkezi,Evet,13000000
607,2025,Esenyurt,70,2,1,12,6,Doğalgaz,Evet,6000000
608,2025,Arnavutköy,80,3,0,10,5,Merkezi,Evet,5500000
609,2025,Esenyurt,75,2,2,9,4,Doğalgaz,Evet,6500000
610,2025,Arnavutköy,85,3,1,8,3,Merkezi,Evet,7000000
611,2025,Esenyurt,90,3,0,10,2,Doğalgaz,Evet,8000000
612,2025,Kadıköy,90,2,14,8,4,Doğalgaz,Evet,12500000
613,2025,Beşiktaş,140,4,30,6,2,Merkezi,Evet,14500000
614,2025,Kadıköy,150,4,35,5,3,Doğalgaz,Evet,15500000
615,2025,Esenyurt,76,2,1,9,3,Merkezi,Evet,6200000
616,2025,Arnavutköy,78,2,1,10,5,Doğalgaz,Evet,5000000
617,2025,Esenyurt,82,3,2,9,2,Merkezi,Evet,7800000
618,2025,Arnavutköy,80,3,2,8,4,Doğalgaz,Evet,5900000
619,2025,Kadıköy,130,3,30,9,3,Merkezi,Evet,13500000
620,2025,Beşiktaş,110,2,40,8,4,Doğalgaz,Evet,14500000
621,2025,Kadıköy,150,4,31,6,2,Merkezi,Evet,14000000
622,2025,Esenyurt,95,3,1,10,5,Doğalgaz,Evet,7000000
623,2025,Arnavutköy,90,3,1,9,2,Merkezi,Evet,5500000
624,2025,Esenyurt,80,2,0,12,5,Doğalgaz,Evet,5000000
625,2025,Kadıköy,110,3,32,8,3,Merkezi,Evet,13000000
626,2025,Beşiktaş,160,4,35,6,5,Doğalgaz,Evet,15100000
627,2025,Kadıköy,140,3,30,7,4,Merkezi,Evet,13250000
628,2025,Esenyurt,100,3,1,11,5,Doğalgaz,Evet,7500000
629,2025,Arnavutköy,88,3,0,10,4,Merkezi,Evet,6300000
630,2025,Esenyurt,92,3,2,10,3,Doğalgaz,Evet,6800000
631,2025,Kadıköy,135,4,29,8,6,Merkezi,Evet,14450000
632,2025,Beşiktaş,145,4,30,5,4,Doğalgaz,Evet,15800000
633,2025,Kadıköy,125,3,31,7,3,Merkezi,Evet,12900000
634,2025,Esenyurt,76,2,1,12,6,Doğalgaz,Evet,6000000
635,2025,Arnavutköy,82,3,1,8,2,Merkezi,Evet,5100000
636,2025,Esenyurt,85,2,0,11,4,Doğalgaz,Evet,5000000
637,2025,Kadıköy,120,3,26,9,3,Merkezi,Evet,13400000
638,2025,Beşiktaş,100,3,30,6,2,Doğalgaz,Evet,14800000
639,2025,Kadıköy,135,4,32,7,4,Merkezi,Evet,14000000
640,2025,Esenyurt,90,3,1,10,5,Doğalgaz,Evet,7100000
641,2025,Arnavutköy,88,3,0,9,3,Merkezi,Evet,6800000
642,2025,Esenyurt,80,2,1,12,4,Doğalgaz,Evet,5500000
643,2025,Kadıköy,125,3,35,5,4,Merkezi,Evet,13000000
644,2025,Beşiktaş,95,2,30,8,3,Doğalgaz,Evet,14500000
645,2025,Kadıköy,145,4,28,7,4,Merkezi,Evet,14650000
646,2025,Esenyurt,100,3,0,10,5,Doğalgaz,Evet,7000000
647,2025,Arnavutköy,90,2,1,11,5,Merkezi,Evet,5900000
648,2025,Esenyurt,85,2,2,9,3,Doğalgaz,Evet,6000000
649,2025,Kadıköy,135,4,30,8,3,Merkezi,Evet,13500000
650,2025,Beşiktaş,130,3,32,7,3,Doğalgaz,Evet,14500000
651,2025,Kadıköy,110,3,30,9,4,Merkezi,Evet,12600000
652,2025,Esenyurt,95,3,0,11,5,Doğalgaz,Evet,7000000
653,2025,Arnavutköy,80,2,1,12,4,Merkezi,Evet,5450000
654,2025,Esenyurt,85,2,2,10,5,Doğalgaz,Evet,6200000
655,2025,Kadıköy,125,3,31,8,3,Merkezi,Evet,13400000
656,2025,Beşiktaş,140,4,30,6,2,Doğalgaz,Evet,15000000
657,2025,Kadıköy,130,3,32,7,4,Merkezi,Evet,13850000
658,2025,Esenyurt,100,3,3,9,3,Doğalgaz,Evet,7200000
659,2025,Arnavutköy,88,3,1,10,2,Merkezi,Evet,6000000
660,2025,Esenyurt,90,2,0,11,5,Doğalgaz,Evet,6500000
661,2025,Kadıköy,125,3,3,5,4,Merkezi,Evet,13900000
662,2025,Beşiktaş,150,4,31,6,4,Doğalgaz,Evet,14800000
663,2025,Kadıköy,135,4,34,8,3,Merkezi,Evet,13000000
664,2025,Esenyurt,85,2,1,9,2,Doğalgaz,Evet,5800000
665,2025,Arnavutköy,80,3,1,10,5,Merkezi,Evet,5000000
666,2025,Esenyurt,95,3,2,10,4,Doğalgaz,Evet,6500000
667,2025,Kadıköy,120,4,30,8,3,Merkezi,Evet,13550000
668,2025,Beşiktaş,150,4,35,7,2,Doğalgaz,Evet,15500000
669,2025,Kadıköy,125,3,30,6,3,Merkezi,Evet,13800000
670,2025,Esenyurt,85,2,0,12,5,Doğalgaz,Evet,6400000
671,2025,Arnavutköy,77,2,1,10,3,Merkezi,Evet,5300000
672,2025,Esenyurt,70,2,2,11,4,Doğalgaz,Evet,5000000
673,2025,Kadıköy,120,4,33,7,3,Merkezi,Evet,13700000
674,2025,Beşiktaş,90,2,30,5,4,Doğalgaz,Evet,14600000
675,2025,Kadıköy,135,4,31,6,2,Doğalgaz,Evet,13850000
676,2025,Esenyurt,100,3,3,12,6,Merkezi,Evet,7200000
677,2025,Arnavutköy,88,3,1,10,5,Doğalgaz,Evet,6100000
678,2025,Esenyurt,90,2,0,11,2,Merkezi,Evet,6800000
679,2025,Kadıköy,125,4,30,7,1,Doğalgaz,Evet,13900000
680,2025,Beşiktaş,135,4,33,5,3,Merkezi,Evet,15000000
681,2025,Kadıköy,110,2,32,9,4,Doğalgaz,Evet,12800000
682,2025,Esenyurt,80,2,1,10,5,Merkezi,Evet,5600000
683,2025,Arnavutköy,90,3,1,12,3,Doğalgaz,Evet,6000000
684,2025,Esenyurt,88,3,2,11,4,Merkezi,Evet,6100000
685,2025,Kadıköy,140,4,32,8,3,Doğalgaz,Evet,14500000
686,2025,Beşiktaş,150,4,30,6,2,Merkezi,Evet,15200000
687,2025,Kadıköy,130,3,30,5,4,Doğalgaz,Evet,13700000
688,2025,Esenyurt,90,2,0,10,4,Merkezi,Evet,7000000
689,2025,Arnavutköy,85,3,1,9,2,Doğalgaz,Evet,6200000
690,2025,Esenyurt,95,3,2,10,3,Merkezi,Evet,6900000
691,2025,Kadıköy,125,3,29,6,4,Doğalgaz,Evet,13600000
692,2025,Beşiktaş,135,4,31,7,1,Merkezi,Evet,14900000
693,2025,Kadıköy,110,3,30,9,4,Doğalgaz,Evet,13000000
694,2025,Esenyurt,85,2,4,8,1,Merkezi,Evet,6400000
695,2025,Arnavutköy,90,3,0,12,2,Doğalgaz,Evet,5700000
696,2025,Esenyurt,88,3,1,9,3,Merkezi,Evet,6500000
697,2025,Kadıköy,145,4,32,5,4,Doğalgaz,Evet,14300000
698,2025,Beşiktaş,150,4,30,6,3,Merkezi,Evet,15100000
699,2025,Kadıköy,125,3,30,8,4,Doğalgaz,Evet,13400000
700,2025,Esenyurt,100,3,1,10,2,Merkezi,Evet,7200000
701,2025,Kadıköy,100,3,2,12,8,Doğalgaz,Evet,45000000
702,2025,Şişli,120,4,3,10,9,Doğalgaz,Evet,48000000
703,2025,Beşiktaş,110,3,1,15,11,Doğalgaz,Evet,50000000
704,2025,Ataşehir,90,2,4,10,5,Doğalgaz,Evet,32000000
705,2025,Ümraniye,95,3,20,10,6,Merkezi,Evet,25000000
706,2025,Üsküdar,120,4,5,14,8,Doğalgaz,Evet,40000000
707,2025,Kadıköy,105,3,0,10,7,Doğalgaz,Evet,30000000
708,2025,Şişli,140,4,2,9,6,Doğalgaz,Evet,52000000
709,2025,Beşiktaş,130,3,1,10,8,Doğalgaz,Evet,49000000
710,2025,Ataşehir,115,3,1,11,4,Doğalgaz,Evet,35000000
711,2025,Ümraniye,100,2,15,10,3,Merkezi,Evet,22500000
712,2025,Üsküdar,95,3,6,12,5,Doğalgaz,Evet,26000000
713,2025,Kadıköy,110,3,20,8,7,Doğalgaz,Evet,31000000
714,2025,Şişli,150,5,3,14,9,Doğalgaz,Evet,53000000
715,2025,Beşiktaş,140,4,0,10,5,Doğalgaz,Evet,47000000
716,2025,Ataşehir,125,3,4,15,7,Doğalgaz,Evet,40000000
717,2025,Ümraniye,115,3,1,14,6,Merkezi,Evet,22000000
718,2025,Üsküdar,100,2,2,13,4,Doğalgaz,Evet,27000000
719,2025,Kadıköy,130,4,3,12,9,Doğalgaz,Evet,51000000
720,2025,Şişli,150,5,1,8,4,Doğalgaz,Evet,62500000
721,2025,Beşiktaş,135,4,2,11,10,Doğalgaz,Evet,49000000
722,2025,Ataşehir,120,3,2,10,5,Doğalgaz,Evet,36000000
723,2025,Ümraniye,95,2,25,9,3,Merkezi,Evet,24000000
724,2025,Üsküdar,125,3,4,12,8,Doğalgaz,Evet,30000000
725,2025,Kadıköy,140,4,5,10,8,Doğalgaz,Evet,55000000
726,2025,Şişli,160,5,2,12,9,Doğalgaz,Evet,60000000
727,2025,Beşiktaş,150,4,2,8,3,Doğalgaz,Evet,58000000
728,2025,Ataşehir,100,2,3,15,7,Doğalgaz,Evet,32000000
729,2025,Ümraniye,110,3,0,10,4,Merkezi,Evet,26000000
730,2025,Üsküdar,95,2,1,11,5,Doğalgaz,Evet,21000000
731,2025,Kadıköy,130,4,3,12,8,Doğalgaz,Evet,52000000
732,2025,Şişli,145,4,5,10,6,Doğalgaz,Evet,55000000
733,2025,Beşiktaş,120,3,1,14,7,Doğalgaz,Evet,47000000
734,2025,Ataşehir,140,4,2,10,5,Doğalgaz,Evet,37000000
735,2025,Ümraniye,105,3,1,11,4,Merkezi,Evet,23000000
736,2025,Üsküdar,80,2,1,12,5,Doğalgaz,Evet,20000000
737,2025,Kadıköy,120,4,35,8,9,Doğalgaz,Evet,70000000
738,2025,Şişli,135,3,25,10,5,Doğalgaz,Evet,48000000
739,2025,Beşiktaş,150,5,4,15,8,Doğalgaz,Evet,59000000
740,2025,Ataşehir,110,3,1,10,6,Doğalgaz,Evet,34000000
741,2025,Ümraniye,90,2,22,9,4,Merkezi,Evet,22000000
742,2025,Üsküdar,130,4,3,10,3,Doğalgaz,Evet,32000000
743,2025,Kadıköy,125,4,3,12,6,Doğalgaz,Evet,43000000
744,2025,Şişli,145,4,2,15,11,Doğalgaz,Evet,51000000
745,2025,Beşiktaş,90,2,10,7,5,Doğalgaz,Evet,36000000
746,2025,Ataşehir,110,3,4,13,8,Doğalgaz,Evet,30000000
747,2025,Ümraniye,100,2,3,12,4,Merkezi,Evet,21000000
748,2025,Üsküdar,90,2,20,10,3,Doğalgaz,Evet,23000000
749,2025,Kadıköy,120,3,1,11,5,Doğalgaz,Evet,34000000
750,2025,Şişli,150,4,2,14,8,Doğalgaz,Evet,52000000
751,2025,Beşiktaş,135,4,2,15,9,Doğalgaz,Evet,56000000
752,2025,Ataşehir,140,4,0,10,6,Doğalgaz,Evet,37000000
753,2025,Ümraniye,100,3,8,9,3,Merkezi,Evet,25000000
754,2025,Üsküdar,120,3,6,12,4,Doğalgaz,Evet,29000000
755,2025,Kadıköy,100,2,0,10,5,Doğalgaz,Evet,32000000
756,2025,Şişli,130,4,3,11,7,Doğalgaz,Evet,42000000
757,2025,Beşiktaş,80,2,15,10,5,Merkezi,Evet,35000000
758,2025,Ataşehir,110,3,15,8,3,Doğalgaz,Evet,29000000
759,2025,Ümraniye,90,2,12,9,4,Doğalgaz,Evet,23000000
760,2025,Üsküdar,95,3,5,15,7,Doğalgaz,Evet,33000000
761,2025,Kadıköy,125,4,4,10,6,Doğalgaz,Evet,49000000
762,2025,Şişli,150,4,1,14,8,Doğalgaz,Evet,55000000
763,2025,Beşiktaş,120,4,20,5,3,Doğalgaz,Evet,45000000
764,2025,Ataşehir,140,4,2,11,7,Doğalgaz,Evet,39000000
765,2025,Ümraniye,110,3,15,9,3,Merkezi,Evet,25000000
766,2025,Üsküdar,130,4,5,12,6,Doğalgaz,Evet,35000000
767,2025,Kadıköy,100,2,2,10,3,Doğalgaz,Evet,31000000
768,2025,Şişli,135,4,3,15,9,Doğalgaz,Evet,53000000
769,2025,Beşiktaş,150,5,4,10,6,Doğalgaz,Evet,60000000
770,2025,Ataşehir,130,3,10,8,4,Doğalgaz,Evet,36000000
771,2025,Ümraniye,90,2,20,10,5,Merkezi,Evet,22000000
772,2025,Üsküdar,95,3,1,12,3,Doğalgaz,Evet,24000000
773,2025,Kadıköy,110,3,35,11,8,Doğalgaz,Evet,60000000
774,2025,Şişli,140,4,3,10,5,Doğalgaz,Evet,50000000
775,2025,Beşiktaş,120,4,2,14,6,Doğalgaz,Evet,47000000
776,2025,Ataşehir,135,4,0,10,5,Doğalgaz,Evet,37000000
777,2025,Ümraniye,100,3,8,9,3,Merkezi,Evet,23000000
778,2025,Üsküdar,90,2,4,11,4,Doğalgaz,Evet,21000000
779,2025,Kadıköy,125,4,3,12,6,Doğalgaz,Evet,45000000
780,2025,Şişli,150,5,5,10,5,Doğalgaz,Evet,60000000
781,2025,Beşiktaş,140,4,2,11,7,Doğalgaz,Evet,48000000
782,2025,Ataşehir,120,3,2,14,8,Doğalgaz,Evet,32000000
783,2025,Ümraniye,110,3,20,9,3,Merkezi,Evet,24000000
784,2025,Üsküdar,95,2,0,10,5,Doğalgaz,Evet,22000000
785,2025,Kadıköy,130,4,35,8,9,Doğalgaz,Evet,70000000
786,2025,Şişli,145,4,1,12,5,Doğalgaz,Evet,58000000
787,2025,Beşiktaş,150,5,4,11,8,Doğalgaz,Evet,59000000
788,2025,Ataşehir,100,2,3,15,4,Doğalgaz,Evet,30000000
789,2025,Ümraniye,90,2,12,10,5,Merkezi,Evet,23000000
790,2025,Üsküdar,130,4,5,10,3,Doğalgaz,Evet,35000000
791,2025,Kadıköy,120,3,4,12,8,Doğalgaz,Evet,27000000
792,2025,Şişli,150,5,3,14,7,Doğalgaz,Evet,64000000
793,2025,Beşiktaş,110,3,1,15,9,Doğalgaz,Evet,50000000
794,2025,Ataşehir,140,4,0,10,5,Doğalgaz,Evet,39000000
795,2025,Ümraniye,100,2,22,9,4,Merkezi,Evet,22000000
796,2025,Üsküdar,95,3,1,11,4,Doğalgaz,Evet,24000000
797,2025,Kadıköy,125,4,0,15,6,Doğalgaz,Evet,30000000
798,2025,Şişli,130,4,4,10,5,Doğalgaz,Evet,42000000
799,2025,Beşiktaş,150,5,2,8,3,Doğalgaz,Evet,60000000
800,2025,Ataşehir,100,2,1,10,4,Doğalgaz,Evet,32000000
801,2025,Beşiktaş,100,3,2,10,4,Doğalgaz,Evet,32000000
802,2025,Şişli,120,4,1,10,6,Doğalgaz,Evet,30000000
803,2025,Kadıköy,90,2,3,8,5,Doğalgaz,Evet,19800000
804,2025,Ümraniye,110,3,25,9,4,Doğalgaz,Evet,11500000
805,2025,Ataşehir,115,3,10,11,8,Doğalgaz,Evet,10450000
806,2025,Esenyurt,80,2,5,10,3,Doğalgaz,Evet,4400000
807,2025,Beşiktaş,110,3,1,12,5,Doğalgaz,Evet,33500000
808,2025,Şişli,130,4,0,11,4,Doğalgaz,Evet,28600000
809,2025,Kadıköy,85,2,8,9,2,Doğalgaz,Evet,15300000
810,2025,Ümraniye,90,2,20,7,5,Doğalgaz,Evet,10500000
811,2025,Ataşehir,100,3,3,10,6,Doğalgaz,Evet,8500000
812,2025,Esenyurt,70,2,1,9,4,Doğalgaz,Evet,3850000
813,2025,Beşiktaş,95,3,2,11,8,Doğalgaz,Evet,32000000
814,2025,Şişli,115,4,2,10,7,Doğalgaz,Evet,26450000
815,2025,Kadıköy,100,3,5,8,3,Doğalgaz,Evet,19500000
816,2025,Ümraniye,80,2,15,10,4,Doğalgaz,Evet,10000000
817,2025,Ataşehir,120,3,1,12,5,Doğalgaz,Evet,11500000
818,2025,Esenyurt,90,2,4,11,3,Doğalgaz,Evet,4950000
819,2025,Beşiktaş,125,4,3,10,6,Doğalgaz,Evet,34000000
820,2025,Şişli,140,4,2,10,7,Doğalgaz,Evet,29900000
821,2025,Kadıköy,110,3,0,9,4,Doğalgaz,Evet,19700000
822,2025,Ümraniye,95,2,1,10,5,Doğalgaz,Evet,8500000
823,2025,Ataşehir,130,4,2,10,4,Doğalgaz,Evet,12050000
824,2025,Esenyurt,75,2,3,10,3,Doğalgaz,Evet,4200000
825,2025,Beşiktaş,140,4,4,11,5,Doğalgaz,Evet,33000000
826,2025,Şişli,130,4,1,12,8,Doğalgaz,Evet,27000000
827,2025,Kadıköy,95,3,6,8,3,Doğalgaz,Evet,18500000
828,2025,Ümraniye,85,2,20,9,4,Doğalgaz,Evet,9500000
829,2025,Ataşehir,120,3,5,10,6,Doğalgaz,Evet,11000000
830,2025,Esenyurt,80,2,1,9,5,Doğalgaz,Evet,4700000
831,2025,Beşiktaş,150,5,3,10,7,Doğalgaz,Evet,34000000
832,2025,Şişli,145,5,0,11,4,Doğalgaz,Evet,26000000
833,2025,Kadıköy,100,3,2,12,6,Doğalgaz,Evet,20000000
834,2025,Ümraniye,80,2,15,9,3,Doğalgaz,Evet,8500000
835,2025,Ataşehir,110,3,3,14,5,Doğalgaz,Evet,10000000
836,2025,Esenyurt,75,2,2,12,3,Doğalgaz,Evet,4250000
837,2025,Beşiktaş,120,4,1,10,6,Doğalgaz,Evet,29000000
838,2025,Şişli,130,4,2,10,5,Doğalgaz,Evet,26800000
839,2025,Kadıköy,110,3,3,10,4,Doğalgaz,Evet,21000000
840,2025,Ümraniye,90,2,10,8,5,Doğalgaz,Evet,9800000
841,2025,Ataşehir,100,3,0,11,4,Doğalgaz,Evet,8300000
842,2025,Esenyurt,60,1,1,10,3,Doğalgaz,Evet,3300000
843,2025,Beşiktaş,150,5,2,10,6,Doğalgaz,Evet,34000000
844,2025,Şişli,140,4,1,10,5,Doğalgaz,Evet,29000000
845,2025,Kadıköy,120,4,3,10,7,Doğalgaz,Evet,21800000
846,2025,Ümraniye,100,3,20,9,3,Doğalgaz,Evet,9300000
847,2025,Ataşehir,115,3,2,10,6,Doğalgaz,Evet,10500000
848,2025,Esenyurt,70,2,1,9,4,Doğalgaz,Evet,3800000
849,2025,Beşiktaş,135,4,0,11,5,Doğalgaz,Evet,33000000
850,2025,Şişli,125,4,1,12,6,Doğalgaz,Evet,32000000
851,2025,Kadıköy,110,3,4,10,5,Doğalgaz,Evet,20000000
852,2025,Ümraniye,90,2,15,9,3,Doğalgaz,Evet,10250000
853,2025,Ataşehir,100,3,3,10,6,Doğalgaz,Evet,8500000
854,2025,Esenyurt,80,2,2,9,2,Doğalgaz,Evet,4400000
855,2025,Beşiktaş,145,4,2,10,6,Doğalgaz,Evet,34000000
856,2025,Şişli,130,4,1,11,5,Doğalgaz,Evet,27000000
857,2025,Kadıköy,95,3,3,10,4,Doğalgaz,Evet,18500000
858,2025,Ümraniye,80,2,20,9,4,Doğalgaz,Evet,9400000
859,2025,Ataşehir,120,3,1,12,5,Doğalgaz,Evet,11700000
860,2025,Esenyurt,75,2,2,10,3,Doğalgaz,Evet,4100000
861,2025,Beşiktaş,150,5,0,10,5,Doğalgaz,Evet,34000000
862,2025,Şişli,145,4,1,11,4,Doğalgaz,Evet,26000000
863,2025,Kadıköy,110,3,5,10,5,Doğalgaz,Evet,20000000
864,2025,Ümraniye,90,2,8,9,3,Doğalgaz,Evet,9400000
865,2025,Ataşehir,100,3,3,12,5,Doğalgaz,Evet,9000000
866,2025,Esenyurt,80,2,0,10,2,Doğalgaz,Evet,4300000
867,2025,Beşiktaş,135,4,2,10,6,Doğalgaz,Evet,33500000
868,2025,Şişli,130,4,1,11,5,Doğalgaz,Evet,26000000
869,2025,Kadıköy,120,4,2,10,5,Doğalgaz,Evet,21500000
870,2025,Ümraniye,85,2,5,10,4,Doğalgaz,Evet,8600000
871,2025,Ataşehir,90,2,1,11,4,Doğalgaz,Evet,8250000
872,2025,Esenyurt,70,2,4,10,3,Doğalgaz,Evet,3700000
873,2025,Beşiktaş,150,5,3,10,6,Doğalgaz,Evet,35000000
874,2025,Şişli,135,4,2,12,5,Doğalgaz,Evet,27000000
875,2025,Kadıköy,110,3,4,10,5,Doğalgaz,Evet,19500000
876,2025,Ümraniye,90,2,1,11,4,Doğalgaz,Evet,9200000
877,2025,Ataşehir,100,3,0,12,5,Doğalgaz,Evet,8500000
878,2025,Esenyurt,60,1,5,10,3,Doğalgaz,Evet,3300000
879,2025,Beşiktaş,140,4,1,10,6,Doğalgaz,Evet,33500000
880,2025,Şişli,120,3,1,12,5,Doğalgaz,Evet,25800000
881,2025,Kadıköy,110,3,2,11,4,Doğalgaz,Evet,20500000
882,2025,Ümraniye,80,2,8,9,3,Doğalgaz,Evet,8800000
883,2025,Ataşehir,90,2,5,10,4,Doğalgaz,Evet,9100000
884,2025,Esenyurt,70,2,2,10,3,Doğalgaz,Evet,3800000
885,2025,Beşiktaş,150,5,2,11,5,Doğalgaz,Evet,34000000
886,2025,Şişli,145,5,3,10,6,Doğalgaz,Evet,26000000
887,2025,Kadıköy,100,3,6,8,3,Doğalgaz,Evet,19500000
888,2025,Ümraniye,90,2,10,10,5,Doğalgaz,Evet,9400000
889,2025,Ataşehir,115,3,5,12,6,Doğalgaz,Evet,10500000
890,2025,Esenyurt,75,2,1,9,3,Doğalgaz,Evet,4450000
891,2025,Beşiktaş,145,4,1,10,6,Doğalgaz,Evet,33000000
892,2025,Şişli,120,3,3,10,5,Doğalgaz,Evet,26000000
893,2025,Kadıköy,110,3,2,11,4,Doğalgaz,Evet,20000000
894,2025,Ümraniye,85,2,15,8,3,Doğalgaz,Evet,8600000
895,2025,Ataşehir,115,3,4,10,4,Doğalgaz,Evet,10500000
896,2025,Esenyurt,70,2,3,9,2,Doğalgaz,Evet,3800000
897,2025,Beşiktaş,120,4,0,11,5,Doğalgaz,Evet,29200000
898,2025,Şişli,130,4,2,10,6,Doğalgaz,Evet,27000000
899,2025,Kadıköy,95,3,1,9,4,Doğalgaz,Evet,18200000
900,2025,Ümraniye,80,2,8,8,3,Doğalgaz,Evet,8800000
901,2025,Ataşehir,90,2,7,10,4,Doğalgaz,Evet,9300000
902,2025,Esenyurt,55,1,2,10,3,Doğalgaz,Evet,3025000
903,2025,Beşiktaş,140,4,0,11,5,Doğalgaz,Evet,33000000
904,2025,Şişli,120,3,4,10,6,Doğalgaz,Evet,25800000
905,2025,Kadıköy,110,3,5,10,5,Doğalgaz,Evet,20000000
906,2025,Ümraniye,90,2,12,10,4,Doğalgaz,Evet,9100000
907,2025,Ataşehir,95,3,6,11,5,Doğalgaz,Evet,9200000
908,2025,Esenyurt,65,1,1,9,3,Doğalgaz,Evet,3600000
909,2025,Beşiktaş,150,5,1,10,4,Doğalgaz,Evet,34000000
910,2025,Şişli,130,4,2,10,5,Doğalgaz,Evet,27000000
911,2025,Kadıköy,105,3,3,9,4,Doğalgaz,Evet,18800000
912,2025,Ümraniye,85,2,8,10,5,Doğalgaz,Evet,8900000
913,2025,Ataşehir,100,3,0,10,4,Doğalgaz,Evet,8500000
914,2025,Esenyurt,70,2,5,9,3,Doğalgaz,Evet,3800000
915,2025,Beşiktaş,145,4,2,10,5,Doğalgaz,Evet,33500000
916,2025,Şişli,125,4,1,11,6,Doğalgaz,Evet,27000000
917,2025,Kadıköy,95,3,2,9,5,Doğalgaz,Evet,18500000
918,2025,Ümraniye,90,2,1,11,4,Doğalgaz,Evet,9500000
919,2025,Ataşehir,100,3,3,10,5,Doğalgaz,Evet,8300000
920,2025,Esenyurt,65,1,1,9,3,Doğalgaz,Evet,3600000
921,2025,Beşiktaş,150,5,0,10,5,Doğalgaz,Evet,34000000
922,2025,Şişli,140,4,1,11,4,Doğalgaz,Evet,26000000
923,2025,Kadıköy,115,3,2,10,5,Doğalgaz,Evet,21000000
924,2025,Ümraniye,90,2,12,10,4,Doğalgaz,Evet,9200000
925,2025,Ataşehir,90,2,5,10,3,Doğalgaz,Evet,9000000
926,2025,Esenyurt,70,2,0,10,3,Doğalgaz,Evet,3800000
927,2025,Beşiktaş,120,4,2,11,5,Doğalgaz,Evet,29000000
928,2025,Şişli,130,4,0,12,6,Doğalgaz,Evet,25800000
929,2025,Şişli,100,2,3,10,5,Doğalgaz,Evet,25000000
930,2025,Üsküdar,120,3,4,12,6,Doğalgaz,Evet,21000000
931,2025,Ataşehir,80,2,10,8,Doğalgaz,Evet,11200000
932,2025,Ümraniye,95,2,20,9,Doğalgaz,Evet,9500000
933,2025,Maltepe,110,3,5,10,4,Doğalgaz,Evet,8800000
934,2025,Şişli,130,4,2,10,6,Doğalgaz,Evet,32000000
935,2025,Üsküdar,115,3,1,12,5,Doğalgaz,Evet,18500000
936,2025,Ataşehir,135,3,3,11,5,Doğalgaz,Evet,16050000
937,2025,Ümraniye,100,3,15,10,3,Doğalgaz,Evet,10500000
938,2025,Kartal,90,2,10,8,Doğalgaz,Evet,8000000
939,2025,Şişli,140,4,5,14,7,Doğalgaz,Evet,36500000
940,2025,Üsküdar,95,3,8,11,4,Doğalgaz,Evet,18000000
941,2025,Ataşehir,125,3,4,15,6,Doğalgaz,Evet,17750000
942,2025,Ümraniye,105,2,25,9,Doğalgaz,Evet,10000000
943,2025,Maltepe,85,2,1,10,3,Doğalgaz,Evet,8500000
944,2025,Şişli,145,4,2,12,5,Doğalgaz,Evet,37000000
945,2025,Üsküdar,100,3,1,9,Doğalgaz,Evet,19000000
946,2025,Ataşehir,130,4,0,10,Doğalgaz,Evet,18050000
947,2025,Ümraniye,90,2,100,8,Doğalgaz,Evet,8700000
948,2025,Kartal,110,3,3,12,4,Doğalgaz,Evet,9600000
949,2025,Şişli,125,4,1,14,6,Doğalgaz,Evet,31000000
950,2025,Üsküdar,125,3,2,10,5,Doğalgaz,Evet,20500000
951,2025,Ataşehir,120,3,5,11,5,Doğalgaz,Evet,16200000
952,2025,Ümraniye,115,2,30,9,Doğalgaz,Evet,9200000
953,2025,Maltepe,105,2,7,10,2,Doğalgaz,Evet,9000000
954,2025,Şişli,130,4,1,12,6,Doğalgaz,Evet,32000000
955,2025,Üsküdar,135,3,4,15,7,Doğalgaz,Evet,23000000
956,2025,Ataşehir,140,3,3,11,5,Doğalgaz,Evet,17500000
957,2025,Ümraniye,95,2,20,10,3,Doğalgaz,Evet,10850000
958,2025,Kartal,85,2,15,9,Doğalgaz,Evet,7600000
959,2025,Şişli,140,4,1,14,6,Doğalgaz,Evet,33000000
960,2025,Üsküdar,120,3,2,10,5,Doğalgaz,Evet,21000000
961,2025,Ataşehir,115,3,5,11,6,Doğalgaz,Evet,15850000
962,2025,Ümraniye,100,3,8,10,4,Doğalgaz,Evet,10000000
963,2025,Maltepe,110,3,1,10,3,Doğalgaz,Evet,9500000
964,2025,Şişli,135,4,2,12,5,Doğalgaz,Evet,31000000
965,2025,Üsküdar,180,4,6,15,7,Doğalgaz,Evet,26000000
966,2025,Ataşehir,100,3,3,10,4,Doğalgaz,Evet,13500000
967,2025,Ümraniye,90,2,25,9,Doğalgaz,Evet,8500000
968,2025,Kartal,145,4,3,14,6,Doğalgaz,Evet,15500000
969,2025,Şişli,145,4,5,10,6,Doğalgaz,Evet,35000000
970,2025,Üsküdar,110,3,8,15,8,Doğalgaz,Evet,19000000
971,2025,Ataşehir,125,3,2,10,3,Doğalgaz,Evet,16000000
972,2025,Ümraniye,95,2,15,8,Doğalgaz,Evet,10800000
973,2025,Maltepe,105,2,1,9,Doğalgaz,Evet,9100000
974,2025,Şişli,140,4,2,10,5,Doğalgaz,Evet,33000000
975,2025,Üsküdar,135,3,1,10,4,Doğalgaz,Evet,18500000
976,2025,Ataşehir,150,4,0,10,5,Doğalgaz,Evet,17750000
977,2025,Ümraniye,85,2,20,10,3,Doğalgaz,Evet,8900000
978,2025,Kartal,100,3,3,12,5,Doğalgaz,Evet,9000000
979,2025,Şişli,130,4,1,10,4,Doğalgaz,Evet,30000000
980,2025,Üsküdar,145,4,2,11,5,Doğalgaz,Evet,22500000
981,2025,Ataşehir,140,3,3,12,7,Doğalgaz,Evet,17550000
982,2025,Ümraniye,100,3,10,9,Doğalgaz,Evet,10500000
983,2025,Maltepe,90,2,1,10,2,Doğalgaz,Evet,7700000
984,2025,Şişli,120,3,5,10,5,Doğalgaz,Evet,26000000
985,2025,Üsküdar,110,3,2,10,4,Doğalgaz,Evet,19500000
986,2025,Ataşehir,120,3,0,11,5,Doğalgaz,Evet,15000000
987,2025,Ümraniye,90,2,25,10,3,Doğalgaz,Evet,9000000
988,2025,Kartal,100,3,2,11,5,Doğalgaz,Evet,8800000
989,2025,Şişli,115,3,3,10,5,Doğalgaz,Evet,27500000
990,2025,Üsküdar,130,4,4,12,6,Doğalgaz,Evet,21000000
991,2025,Ataşehir,125,3,5,11,5,Doğalgaz,Evet,17000000
992,2025,Ümraniye,90,2,10,9,Doğalgaz,Evet,10200000
993,2025,Maltepe,85,2,15,8,Doğalgaz,Evet,7800000
994,2025,Şişli,135,4,1,10,6,Doğalgaz,Evet,33000000
995,2025,Üsküdar,140,4,5,10,4,Doğalgaz,Evet,22000000
996,2025,Ataşehir,130,3,2,11,5,Doğalgaz,Evet,17500000
997,2025,Ümraniye,90,2,20,10,3,Doğalgaz,Evet,8500000
998,2025,Kartal,95,2,4,10,3,Doğalgaz,Evet,9000000
999,2025,Şişli,125,3,4,10,4,Doğalgaz,Evet,32000000
1000,2025,Üsküdar,120,3,1,11,5,Doğalgaz,Evet,20500000
1001,2025,Ataşehir,150,4,0,10,5,Doğalgaz,Evet,18000000
1002,2025,Ümraniye,100,3,12,9,Doğalgaz,Evet,10000000
1003,2025,Maltepe,90,2,2,10,2,Doğalgaz,Evet,7700000
1004,2025,Şişli,140,4,5,10,5,Doğalgaz,Evet,33000000
1005,2025,Üsküdar,130,4,1,11,5,Doğalgaz,Evet,18500000
1006,2025,Ataşehir,100,3,3,11,6,Doğalgaz,Evet,14000000
1007,2025,Ümraniye,85,2,1,10,3,Doğalgaz,Evet,8900000
1008,2025,Kartal,100,3,5,10,4,Doğalgaz,Evet,9200000
1009,2025,Şişli,115,3,2,12,5,Doğalgaz,Evet,28000000
1010,2025,Üsküdar,145,4,0,10,5,Doğalgaz,Evet,23000000
1011,2025,Ataşehir,120,3,2,10,5,Doğalgaz,Evet,16500000
1012,2025,Ümraniye,90,2,5,10,3,Doğalgaz,Evet,9200000
1013,2025,Maltepe,95,2,1,9,Doğalgaz,Evet,8500000
1014,2025,Şişli,125,3,4,11,5,Doğalgaz,Evet,28000000
1015,2025,Üsküdar,130,4,3,10,5,Doğalgaz,Evet,21000000
1016,2025,Ataşehir,120,3,2,11,6,Doğalgaz,Evet,15500000
1017,2025,Ümraniye,90,2,10,9,Doğalgaz,Evet,9100000
1018,2025,Kartal,100,3,3,10,5,Doğalgaz,Evet,9500000
1019,2025,Şişli,135,4,2,12,6,Doğalgaz,Evet,32500000
1020,2025,Üsküdar,140,4,1,10,4,Doğalgaz,Evet,21500000
1021,2025,Ataşehir,110,3,2,11,5,Doğalgaz,Evet,15500000
1022,2025,Ümraniye,90,2,5,9,Doğalgaz,Evet,9000000
1023,2025,Maltepe,85,2,0,10,2,Doğalgaz,Evet,8000000
1024,2025,Şişli,145,4,3,12,5,Doğalgaz,Evet,36000000
1025,2025,Üsküdar,110,3,4,12,6,Doğalgaz,Evet,20000000
1026,2025,Ataşehir,130,3,1,9,Doğalgaz,Evet,16500000
1027,2025,Ümraniye,90,2,30,10,3,Doğalgaz,Evet,9300000
1028,2025,Kartal,100,3,2,10,5,Doğalgaz,Evet,9000000
1029,2025,Şişli,135,4,5,10,6,Doğalgaz,Evet,33000000
1030,2025,Üsküdar,130,4,1,10,5,Doğalgaz,Evet,20500000
1031,2025,Şişli,100,2,0,12,5,Doğalgaz,Evet,25000000
1032,2025,Kadıköy,90,2,1,10,5,Doğalgaz,Evet,22500000
1033,2025,Beşiktaş,120,3,0,14,6,Doğalgaz,Evet,45000000
1034,2025,Sarıyer,150,4,1,15,7,Doğalgaz,Evet,50000000
1035,2025,Ümraniye,85,2,15,8,Doğalgaz,Hayırlı,12000000
1036,2025,Kartal,95,2,20,9,Doğalgaz,Evet,11000000
1037,2025,Şişli,110,3,2,10,4,Doğalgaz,Evet,27000000
1038,2025,Kadıköy,100,3,1,11,5,Doğalgaz,Evet,24000000
1039,2025,Beşiktaş,130,4,0,15,6,Doğalgaz,Evet,48000000
1040,2025,Sarıyer,120,3,0,10,5,Doğalgaz,Evet,42000000
1041,2025,Ümraniye,90,2,10,10,4,Doğalgaz,Evet,11500000
1042,2025,Kartal,80,2,5,8,3,Doğalgaz,Evet,9900000
1043,2025,Şişli,135,4,2,12,6,Doğalgaz,Evet,29500000
1044,2025,Kadıköy,115,3,3,10,4,Doğalgaz,Evet,25000000
1045,2025,Beşiktaş,125,4,1,14,5,Doğalgaz,Evet,46000000
1046,2025,Sarıyer,130,3,1,11,5,Doğalgaz,Evet,48000000
1047,2025,Ümraniye,95,2,20,10,4,Doğalgaz,Evet,11600000
1048,2025,Kartal,85,2,15,9,Doğalgaz,Evet,10700000
1049,2025,Şişli,140,4,4,10,5,Doğalgaz,Evet,30000000
1050,2025,Kadıköy,120,3,5,10,6,Doğalgaz,Evet,26500000
1051,2025,Beşiktaş,150,5,0,15,6,Doğalgaz,Evet,50000000
1052,2025,Sarıyer,140,4,3,12,5,Doğalgaz,Evet,47500000
1053,2025,Ümraniye,100,3,12,9,3,Doğalgaz,Evet,12500000
1054,2025,Kartal,90,2,8,10,4,Doğalgaz,Evet,11500000
1055,2025,Şişli,130,4,2,11,5,Doğalgaz,Evet,28000000
1056,2025,Kadıköy,140,4,1,10,5,Doğalgaz,Evet,29000000
1057,2025,Beşiktaş,135,3,2,15,6,Doğalgaz,Evet,48500000
1058,2025,Sarıyer,150,4,0,10,6,Doğalgaz,Evet,51000000
1059,2025,Kadıköy,110,3,3,9,4,Doğalgaz,Evet,24000000
1060,2025,Ümraniye,85,2,18,8,3,Doğalgaz,Evet,11300000
1061,2025,Kartal,85,2,1,11,4,Doğalgaz,Evet,10000000
1062,2025,Şişli,145,4,0,12,6,Doğalgaz,Evet,30000000
1063,2025,Kadıköy,130,4,1,14,5,Doğalgaz,Evet,29500000
1064,2025,Beşiktaş,140,4,3,15,7,Doğalgaz,Evet,49000000
1065,2025,Sarıyer,145,4,0,10,5,Doğalgaz,Evet,50000000
1066,2025,Ümraniye,95,2,25,10,4,Doğalgaz,Evet,11900000
1067,2025,Kartal,90,2,6,9,5,Doğalgaz,Evet,11100000
1068,2025,Şişli,135,3,9,12,5,Doğalgaz,Evet,29500000
1069,2025,Kadıköy,125,3,2,10,4,Doğalgaz,Evet,25000000
1070,2025,Beşiktaş,145,4,1,11,6,Doğalgaz,Evet,48500000
1071,2025,Sarıyer,130,3,2,10,5,Doğalgaz,Evet,46000000
1072,2025,Ümraniye,90,2,15,9,Doğalgaz,Evet,11000000
1073,2025,Kartal,85,2,1,10,4,Doğalgaz,Evet,10400000
1074,2025,Şişli,120,3,8,10,4,Doğalgaz,Evet,24000000
1075,2025,Kadıköy,110,3,3,11,5,Doğalgaz,Evet,22500000
1076,2025,Beşiktaş,150,5,0,14,6,Doğalgaz,Evet,50000000
1077,2025,Sarıyer,140,4,1,12,5,Doğalgaz,Evet,48000000
1078,2025,Ümraniye,95,2,20,10,3,Doğalgaz,Evet,11200000
1079,2025,Kartal,90,2,5,8,Doğalgaz,Evet,10800000
1080,2025,Şişli,135,4,0,15,7,Doğalgaz,Evet,30500000
1081,2025,Kadıköy,130,4,2,12,6,Doğalgaz,Evet,29000000
1082,2025,Beşiktaş,145,4,1,15,5,Doğalgaz,Evet,49500000
1083,2025,Sarıyer,150,4,0,10,6,Doğalgaz,Evet,51000000
1084,2025,Ümraniye,100,3,12,10,4,Doğalgaz,Evet,12600000
1085,2025,Kartal,85,2,3,9,5,Doğalgaz,Evet,10500000
1086,2025,Şişli,130,3,1,11,4,Doğalgaz,Evet,27500000
1087,2025,Kadıköy,120,3,3,10,5,Doğalgaz,Evet,24000000
1088,2025,Beşiktaş,100,3,0,10,5,Doğalgaz,Evet,37500000
1089,2025,Sarıyer,135,4,1,11,5,Doğalgaz,Evet,50000000
1090,2025,Ümraniye,90,2,15,8,Doğalgaz,Evet,12300000
1091,2025,Kartal,80,2,5,8,Doğalgaz,Evet,9700000
1092,2025,Şişli,145,4,3,10,5,Doğalgaz,Evet,31000000
1093,2025,Kadıköy,110,3,6,10,4,Doğalgaz,Evet,25000000
1094,2025,Beşiktaş,120,3,0,12,6,Doğalgaz,Evet,42000000
1095,2025,Sarıyer,140,4,1,11,5,Doğalgaz,Evet,48000000
1096,2025,Ümraniye,90,2,25,9,Doğalgaz,Evet,11400000
1097,2025,Kartal,95,2,15,8,Doğalgaz,Evet,10900000
1098,2025,Şişli,135,4,0,14,5,Doğalgaz,Evet,29500000
1099,2025,Kadıköy,130,4,2,10,5,Doğalgaz,Evet,28500000
1100,2025,Beşiktaş,125,4,1,13,6,Doğalgaz,Evet,48000000
1101,2025,Sarıyer,130,3,3,10,5,Doğalgaz,Evet,47000000
1102,2025,Ümraniye,95,2,20,10,4,Doğalgaz,Evet,11900000
1103,2025,Kartal,85,2,3,9,3,Doğalgaz,Evet,10000000
1104,2025,Şişli,145,4,2,11,5,Doğalgaz,Evet,30500000
1105,2025,Kadıköy,120,3,4,10,5,Doğalgaz,Evet,25000000
1106,2025,Beşiktaş,100,3,0,12,6,Doğalgaz,Evet,40000000
1107,2025,Sarıyer,140,4,1,10,4,Doğalgaz,Evet,48500000
1108,2025,Ümraniye,90,2,15,9,Doğalgaz,Evet,11000000
1109,2025,Kartal,90,2,5,10,3,Doğalgaz,Evet,9800000
1110,2025,Şişli,135,4,3,11,5,Doğalgaz,Evet,32000000
1111,2025,Kadıköy,130,4,1,12,5,Doğalgaz,Evet,29000000
1112,2025,Beşiktaş,150,5,1,10,5,Doğalgaz,Evet,50000000
1113,2025,Sarıyer,140,4,0,11,6,Doğalgaz,Evet,47000000
1114,2025,Ümraniye,95,2,10,9,Doğalgaz,Evet,11500000
1115,2025,Kartal,80,2,6,10,4,Doğalgaz,Evet,9700000
1116,2025,Şişli,125,3,2,12,5,Doğalgaz,Evet,27000000
1117,2025,Kadıköy,110,3,3,10,5,Doğalgaz,Evet,23000000
1118,2025,Beşiktaş,130,4,0,12,6,Doğalgaz,Evet,46000000
1119,2025,Sarıyer,145,4,1,11,5,Doğalgaz,Evet,49500000
1120,2025,Ümraniye,90,2,20,10,4,Doğalgaz,Evet,12000000
1121,2025,Kartal,75,2,4,9,3,Doğalgaz,Evet,9400000
1122,2025,Şişli,130,3,7,11,5,Doğalgaz,Evet,27500000
1123,2025,Kadıköy,120,3,1,10,4,Doğalgaz,Evet,24000000
1124,2025,Beşiktaş,140,4,2,10,5,Doğalgaz,Evet,48000000
1125,2025,Sarıyer,150,4,0,11,5,Doğalgaz,Evet,50000000
1126,2025,Ümraniye,90,2,22,10,4,Doğalgaz,Evet,11200000
1127,2025,Kartal,85,2,3,9,3,Doğalgaz,Evet,10000000
1128,2025,Şişli,145,4,1,10,5,Doğalgaz,Evet,31000000
1129,2025,Kadıköy,130,4,4,12,6,Doğalgaz,Evet,29000000
1130,2025,Beşiktaş,150,5,1,14,5,Doğalgaz,Evet,49500000
1131,2025,Sarıyer,140,4,2,10,5,Doğalgaz,Evet,47500000
1132,2025,Ümraniye,95,2,18,10,4,Doğalgaz,Evet,11300000
1133,2025,Kartal,90,2,5,8,Doğalgaz,Evet,9900000
1134,2025,Şişli,130,3,5,10,5,Doğalgaz,Evet,27000000
1135,2025,Kadıköy,110,3,3,10,5,Doğalgaz,Evet,23500000
1136,2025,Kadıköy,90,2,0,10,5,Doğalgaz,Evet,21600000
1137,2025,Kadıköy,100,3,5,12,6,Doğalgaz,Evet,23000000
1138,2025,Kadıköy,80,2,10,8,Doğalgaz,Evet,21000000
1139,2025,Beşiktaş,95,3,1,14,6,Doğalgaz,Evet,29500000
1140,2025,Beşiktaş,120,4,0,15,7,Doğalgaz,Evet,31000000
1141,2025,Ümraniye,75,2,15,10,4,Doğalgaz,Evet,10500000
1142,2025,Ümraniye,85,2,5,9,Doğalgaz,Evet,11000000
1143,2025,Kadıköy,95,2,3,10,5,Doğalgaz,Evet,22500000
1144,2025,Kadıköy,90,3,0,11,6,Doğalgaz,Evet,22000000
1145,2025,Beşiktaş,100,3,2,10,5,Doğalgaz,Evet,30000000
1146,2025,Beşiktaş,110,4,1,12,6,Doğalgaz,Evet,29000000
1147,2025,Ümraniye,90,2,20,10,4,Doğalgaz,Evet,11500000
1148,2025,Ümraniye,100,3,10,9,Doğalgaz,Evet,11800000
1149,2025,Kadıköy,110,3,1,10,5,Doğalgaz,Evet,24000000
1150,2025,Kadıköy,95,2,0,12,6,Doğalgaz,Evet,23000000
1151,2025,Beşiktaş,125,4,0,14,5,Doğalgaz,Evet,32000000
1152,2025,Beşiktaş,120,3,3,10,4,Doğalgaz,Evet,30000000
1153,2025,Ümraniye,80,2,15,8,Doğalgaz,Evet,10500000
1154,2025,Ümraniye,85,2,10,9,Doğalgaz,Evet,11000000
1155,2025,Kadıköy,100,3,5,10,4,Doğalgaz,Evet,22500000
1156,2025,Kadıköy,90,2,10,8,Doğalgaz,Evet,21500000
1157,2025,Beşiktaş,125,4,1,14,5,Doğalgaz,Evet,31500000
1158,2025,Beşiktaş,115,3,0,11,6,Doğalgaz,Evet,29500000
1159,2025,Ümraniye,90,2,15,10,4,Doğalgaz,Evet,10900000
1160,2025,Ümraniye,100,3,5,10,3,Doğalgaz,Evet,12000000
1161,2025,Kadıköy,80,2,1,11,5,Doğalgaz,Evet,21200000
1162,2025,Kadıköy,105,3,3,10,5,Doğalgaz,Evet,23500000
1163,2025,Beşiktaş,95,2,0,12,6,Doğalgaz,Evet,29000000
1164,2025,Beşiktaş,110,3,1,14,7,Doğalgaz,Evet,30500000
1165,2025,Ümraniye,90,2,20,9,Doğalgaz,Evet,11700000
1166,2025,Ümraniye,85,2,10,9,Doğalgaz,Evet,10200000
1167,2025,Kadıköy,90,3,2,10,4,Doğalgaz,Evet,23000000
1168,2025,Kadıköy,80,2,0,12,6,Doğalgaz,Evet,22000000
1169,2025,Beşiktaş,120,4,1,12,5,Doğalgaz,Evet,29500000
1170,2025,Beşiktaş,125,3,4,11,6,Doğalgaz,Evet,31000000
1171,2025,Ümraniye,95,2,15,8,Doğalgaz,Evet,11100000
1172,2025,Ümraniye,90,2,10,9,Doğalgaz,Evet,10800000
1173,2025,Kadıköy,95,3,3,10,4,Doğalgaz,Evet,22500000
1174,2025,Kadıköy,110,3,5,10,5,Doğalgaz,Evet,24000000
1175,2025,Beşiktaş,115,3,0,12,6,Doğalgaz,Evet,29000000
1176,2025,Beşiktaş,120,4,1,14,7,Doğalgaz,Evet,31000000
1177,2025,Ümraniye,95,2,20,9,Doğalgaz,Evet,11700000
1178,2025,Ümraniye,100,3,5,10,4,Doğalgaz,Evet,12000000
1179,2025,Kadıköy,100,3,1,10,5,Doğalgaz,Evet,23500000
1180,2025,Kadıköy,90,2,0,11,6,Doğalgaz,Evet,21500000
1181,2025,Beşiktaş,110,3,2,12,5,Doğalgaz,Evet,30000000
1182,2025,Beşiktaş,125,4,0,15,6,Doğalgaz,Evet,31900000
1183,2025,Ümraniye,90,2,15,9,Doğalgaz,Evet,11400000
1184,2025,Ümraniye,80,2,2,10,4,Doğalgaz,Evet,10700000
1185,2025,Kadıköy,95,3,3,11,5,Doğalgaz,Evet,23000000
1186,2025,Kadıköy,85,2,0,10,6,Doğalgaz,Evet,21000000
1187,2025,Beşiktaş,120,4,5,10,4,Doğalgaz,Evet,30000000
1188,2025,Beşiktaş,110,3,0,12,6,Doğalgaz,Evet,29000000
1189,2025,Ümraniye,95,2,20,9,Doğalgaz,Evet,11900000
1190,2025,Ümraniye,90,2,10,9,Doğalgaz,Evet,11800000
1191,2025,Kadıköy,100,3,5,10,4,Doğalgaz,Evet,23000000
1192,2025,Kadıköy,80,2,1,11,6,Doğalgaz,Evet,21000000
1193,2025,Beşiktaş,125,3,2,12,5,Doğalgaz,Evet,31000000
1194,2025,Beşiktaş,120,4,2,10,5,Doğalgaz,Evet,30500000
1195,2025,Ümraniye,90,2,15,9,Doğalgaz,Evet,11400000
1196,2025,Ümraniye,95,2,10,8,Doğalgaz,Evet,11000000
1197,2025,Kadıköy,100,3,3,10,4,Doğalgaz,Evet,23100000
1198,2025,Kadıköy,90,2,0,12,5,Doğalgaz,Evet,21500000
1199,2025,Beşiktaş,115,3,1,11,5,Doğalgaz,Evet,29000000
1200,2025,Beşiktaş,120,4,0,15,6,Doğalgaz,Evet,31000000
1201,2025,Ümraniye,80,2,25,8,Doğalgaz,Evet,10400000
1202,2025,Ümraniye,90,2,10,9,Doğalgaz,Evet,11500000
1203,2025,Kadıköy,85,2,2,10,4,Doğalgaz,Evet,21000000
1204,2025,Kadıköy,90,3,3,11,6,Doğalgaz,Evet,24000000
1205,2025,Beşiktaş,135,4,0,12,5,Doğalgaz,Evet,31500000
1206,2025,Beşiktaş,120,3,0,10,4,Doğalgaz,Evet,29500000
1207,2025,Ümraniye,90,2,15,9,Doğalgaz,Evet,11000000
1208,2025,Ümraniye,80,2,10,9,Doğalgaz,Evet,10600000
1209,2025,Kadıköy,85,2,2,10,4,Doğalgaz,Evet,21300000
1210,2025,Kadıköy,100,3,5,10,4,Doğalgaz,Evet,23000000
1211,2024,Pendik,85,2+1,5,8,3,Dogalgaz,Hayir,12750000
1212,2024,Pendik,95,3+1,0,10,5,Dogalgaz,Evet,19152000
1213,2024,Pendik,110,3+1,22,12,7,Dogalgaz,Hayir,14052500
1214,2024,Pendik,75,2+1,10,6,2,Dogalgaz,Evet,15120000
1215,2024,Pendik,130,4+1,0,14,9,Dogalgaz,Evet,26208000
1216,2024,Beşiktaş,120,3+1,2,12,8,Merkezi,Evet,63360000
1217,2024,Beşiktaş,140,4+1,4,14,10,Merkezi,Evet,73920000
1218,2024,Beşiktaş,160,4+1,1,16,12,Merkezi,Evet,84480000
1219,2024,Beşiktaş,100,2+1,3,10,7,Merkezi,Evet,48000000
1220,2024,Beşiktaş,180,5+1,5,18,15,Merkezi,Evet,95040000
1221,2024,Beşiktaş,130,3+1,0,12,9,Merkezi,Evet,68640000
1222,2024,Beşiktaş,150,4+1,2,14,11,Merkezi,Evet,79200000
1223,2024,Beşiktaş,170,4+1,4,16,13,Merkezi,Evet,89760000
1224,2024,Beşiktaş,110,3+1,1,11,8,Merkezi,Evet,58080000
1225,2024,Beşiktaş,190,5+1,5,20,16,Merkezi,Evet,100320000
1226,2024,Kadıköy,90,2+1,5,8,4,Dogalgaz,Hayir,22500000
1227,2024,Kadıköy,110,3+1,2,10,6,Dogalgaz,Hayir,27500000
1228,2024,Kadıköy,130,3+1,8,12,7,Dogalgaz,Hayir,32500000
1229,2024,Kadıköy,150,4+1,10,14,9,Dogalgaz,Hayir,41250000
1230,2024,Kadıköy,100,2+1,0,9,5,Dogalgaz,Hayir,30000000
1231,2024,Kadıköy,120,3+1,4,11,7,Dogalgaz,Hayir,30000000
1232,2024,Kadıköy,140,4+1,6,13,8,Dogalgaz,Hayir,38500000
1233,2024,Kadıköy,160,4+1,9,15,10,Dogalgaz,Hayir,44000000
1234,2024,Kadıköy,180,5+1,7,16,11,Dogalgaz,Hayir,49500000
1235,2024,Kadıköy,200,5+1,10,18,12,Dogalgaz,Hayir,55000000
1236,2024,Ümraniye,85,2+1,12,8,3,Dogalgaz,Hayir,11900000
1237,2024,Ümraniye,95,2+1,8,9,4,Dogalgaz,Hayir,13300000
1238,2024,Ümraniye,105,3+1,5,10,5,Dogalgaz,Hayir,14700000
1239,2024,Ümraniye,115,3+1,3,11,6,Dogalgaz,Hayir,16100000
1240,2024,Ümraniye,125,4+1,1,12,7,Dogalgaz,Hayir,17500000
1241,2024,Ümraniye,135,4+1,0,13,8,Dogalgaz,Hayir,18900000
1242,2024,Ümraniye,145,4+1,10,14,9,Dogalgaz,Hayir,20300000
1243,2024,Ümraniye,155,5+1,6,15,10,Dogalgaz,Hayir,21700000
1244,2024,Ümraniye,165,5+1,4,16,11,Dogalgaz,Hayir,23100000
1245,2024,Ümraniye,175,5+1,2,17,12,Dogalgaz,Hayir,24500000
1246,2024,Pendik,80,2+1,6,8,3,Dogalgaz,Evet,14880000
1247,2024,Pendik,90,2+1,4,9,4,Dogalgaz,Evet,16740000
1248,2024,Pendik,100,3+1,2,10,5,Dogalgaz,Evet,18600000
1249,2024,Pendik,110,3+1,0,11,6,Dogalgaz,Evet,20460000
1250,2024,Pendik,120,4+1,1,12,7,Dogalgaz,Evet,22320000
1251,2024,Pendik,130,4+1,3,13,8,Dogalgaz,Evet,24180000
1252,2024,Pendik,140,4+1,5,14,9,Dogalgaz,Evet,26040000
1253,2024,Pendik,150,5+1,7,15,10,Dogalgaz,Evet,27900000
1254,2024,Pendik,160,5+1,9,16,11,Dogalgaz,Evet,29760000
1255,2024,Pendik,170,5+1,10,17,12,Dogalgaz,Evet,31620000
1257,2024,Şişli,100,2+1,3,12,5,Dogalgaz,Evet,38500000
1258,2024,Şişli,110,3+1,2,12,0,Dogalgaz,Evet,38115000
1259,2024,Şişli,120,3+1,1,15,14,Merkezi,Evet,37800000
1260,2024,Şişli,130,4+1,4,14,7,Dogalgaz,Evet,47825000
1261,2024,Şişli,140,4+1,5,16,8,Merkezi,Evet,46550000
1262,2024,Şişli,150,5+1,3,18,9,Dogalgaz,Evet,57825000
1263,2024,Şişli,160,5+1,2,20,10,Merkezi,Evet,53200000
1264,2024,Şişli,170,5+1,4,22,11,Dogalgaz,Evet,65525000
1265,2024,Şişli,180,5+1,1,24,12,Merkezi,Evet,59940000
1266,2024,Şişli,190,5+1,3,26,13,Dogalgaz,Evet,73225000
1267,2024,Sarıyer,100,2+1,2,10,4,Dogalgaz,Evet,42000000
1268,2024,Sarıyer,110,3+1,3,12,11,Merkezi,Evet,40315000
1269,2024,Sarıyer,120,3+1,4,14,7,Dogalgaz,Evet,50400000
1270,2024,Sarıyer,130,4+1,5,16,15,Merkezi,Evet,48685000
1271,2024,Sarıyer,140,4+1,2,18,9,Dogalgaz,Evet,58800000
1272,2024,Sarıyer,150,5+1,1,20,10,Merkezi,Evet,54625000
1273,2024,Sarıyer,160,5+1,3,22,11,Dogalgaz,Evet,67200000
1274,2024,Sarıyer,170,5+1,4,24,12,Merkezi,Evet,62045000
1275,2024,Sarıyer,180,5+1,2,26,13,Dogalgaz,Evet,75600000
1276,2024,Sarıyer,190,5+1,5,28,14,Merkezi,Evet,69445000
1277,2024,Ataşehir,90,2+1,6,10,4,Dogalgaz,Evet,17010000
1278,2024,Ataşehir,100,3+1,4,12,11,Merkezi,Evet,15200000
1279,2024,Ataşehir,110,3+1,3,14,7,Dogalgaz,Evet,20790000
1280,2024,Ataşehir,120,4+1,2,16,8,Merkezi,Evet,18240000
1281,2024,Ataşehir,130,4+1,5,18,9,Dogalgaz,Evet,24570000
1282,2024,Ataşehir,140,4+1,6,20,10,Merkezi,Evet,21280000
1283,2024,Ataşehir,150,5+1,4,22,11,Dogalgaz,Evet,28350000
1284,2024,Ataşehir,160,5+1,3,24,12,Merkezi,Evet,24320000
1285,2024,Ataşehir,170,5+1,2,26,13,Dogalgaz,Evet,32130000
1286,2024,Ataşehir,180,5+1,1,28,14,Merkezi,Evet,27360000
1287,2024,Üsküdar,90,2+1,7,8,3,Dogalgaz,Hayir,16065000
1288,2024,Üsküdar,100,3+1,5,10,9,Merkezi,Hayir,14250000
1289,2024,Üsküdar,110,3+1,4,12,6,Dogalgaz,Hayir,19635000
1290,2024,Üsküdar,120,4+1,3,14,7,Merkezi,Hayir,17100000
1291,2024,Üsküdar,130,4+1,6,16,8,Dogalgaz,Hayir,23205000
1292,2024,Üsküdar,140,4+1,7,18,9,Merkezi,Hayir,19950000
1293,2024,Üsküdar,150,5+1,5,20,10,Dogalgaz,Hayir,26775000
1294,2024,Üsküdar,160,5+1,4,22,11,Merkezi,Hayir,22800000
1295,2024,Üsküdar,170,5+1,3,24,12,Dogalgaz,Hayir,30345000
1296,2024,Üsküdar,180,5+1,2,26,13,Merkezi,Hayir,25650000
1297,2024,Kartal,90,2+1,8,8,3,Dogalgaz,Evet,13545000
1298,2024,Kartal,100,3+1,6,10,9,Merkezi,Evet,12150000
1299,2024,Kartal,110,3+1,5,12,6,Dogalgaz,Evet,16555000
1300,2024,Kartal,120,4+1,4,14,7,Merkezi,Evet,13860000
1301,2024,Kartal,130,4+1,7,16,8,Dogalgaz,Evet,19565000
1302,2024,Kartal,140,4+1,8,18,9,Merkezi,Evet,16020000
1303,2024,Kartal,150,5+1,6,20,10,Dogalgaz,Evet,22575000
1304,2024,Kartal,160,5+1,5,22,11,Merkezi,Evet,18160000
1305,2024,Kartal,170,5+1,4,24,12,Dogalgaz,Evet,25585000
1306,2024,Kartal,180,5+1,3,26,13,Merkezi,Evet,20300000
1307,2024,Maltepe,90,2+1,9,8,3,Dogalgaz,Hayir,13162500
1308,2024,Maltepe,100,3+1,7,10,9,Merkezi,Hayir,11700000
1309,2024,Maltepe,110,3+1,6,12,6,Dogalgaz,Hayir,16087500
1310,2024,Maltepe,120,4+1,5,14,7,Merkezi,Hayir,13320000
1311,2024,Maltepe,130,4+1,8,16,8,Dogalgaz,Hayir,19012500
1312,2024,Maltepe,140,4+1,9,18,9,Merkezi,Hayir,15390000
1313,2024,Maltepe,150,5+1,7,20,10,Dogalgaz,Hayir,21937500
1314,2024,Maltepe,160,5+1,6,22,11,Merkezi,Hayir,17520000
1315,2024,Maltepe,170,5+1,5,24,12,Dogalgaz,Hayir,24862500
1316,2024,Maltepe,180,5+1,4,26,13,Merkezi,Hayir,19710000
1317,2024,Arnavutköy,90,2+1,10,6,2,Dogalgaz,Hayir,5197500
1318,2024,Arnavutköy,100,3+1,12,8,7,Merkezi,Hayir,4500000
1319,2024,Arnavutköy,110,3+1,8,10,5,Dogalgaz,Hayir,6352500
1320,2024,Arnavutköy,120,4+1,6,12,6,Merkezi,Hayir,5400000
1321,2024,Arnavutköy,130,4+1,9,14,7,Dogalgaz,Hayir,7507500
1322,2024,Arnavutköy,140,4+1,11,16,8,Merkezi,Hayir,6300000
1323,2024,Arnavutköy,150,5+1,10,18,9,Dogalgaz,Hayir,8662500
1324,2024,Arnavutköy,160,5+1,8,20,10,Merkezi,Hayir,7200000
1325,2024,Arnavutköy,170,5+1,7,22,11,Dogalgaz,Hayir,9817500
1326,2024,Arnavutköy,180,5+1,6,24,12,Merkezi,Hayir,8100000
1327,2024,Silivri,90,2+1,11,6,2,Dogalgaz,Evet,4961250
1328,2024,Silivri,100,3+1,13,8,7,Merkezi,Evet,4275000
1329,2024,Silivri,110,3+1,9,10,5,Dogalgaz,Evet,6078750
1330,2024,Silivri,120,4+1,7,12,6,Merkezi,Evet,5130000
1331,2024,Silivri,130,4+1,10,14,7,Dogalgaz,Evet,7196250
1332,2024,Silivri,140,4+1,12,16,8,Merkezi,Evet,5940000
1333,2024,Silivri,150,5+1,11,18,9,Dogalgaz,Evet,8313750
1334,2024,Silivri,160,5+1,9,20,10,Merkezi,Evet,6480000
1335,2024,Silivri,170,5+1,8,22,11,Dogalgaz,Evet,9431250
1336,2024,Silivri,180,5+1,7,24,12,Merkezi,Evet,7290000